,year,name,value,rank,lastValue,new_cases
0,2021.4,Afghanistan,29322.542857142857,98,0.0,
1,2021.3,Afghanistan,,215,0.0,
2,2021.2,Afghanistan,,211,0.0,
3,2021.1,Afghanistan,,206,0.0,
4,2021.0,Afghanistan,,194,0.0,
5,2020.9,Afghanistan,,189,0.0,
6,2020.8,Afghanistan,,187,0.0,
7,2020.7,Afghanistan,,185,0.0,
8,2020.6,Afghanistan,,185,0.0,
9,2020.5,Afghanistan,,185,0.0,
10,2020.4,Afghanistan,,185,0.0,
11,2020.3,Afghanistan,,184,0.0,
12,2020.2,Afghanistan,,176,0.0,
13,2021.4,Albania,182162.2,70,0.0,
14,2021.3,Albania,,215,15.595238095238095,
15,2021.2,Albania,15.595238095238095,100,47.457142857142856,
16,2021.1,Albania,47.457142857142856,60,0.0,
17,2021.0,Albania,,194,0.0,
18,2020.9,Albania,,189,0.0,
19,2020.8,Albania,,187,0.0,
20,2020.7,Albania,,185,0.0,
21,2020.6,Albania,,185,0.0,
22,2020.5,Albania,,185,0.0,
23,2020.4,Albania,,185,0.0,
24,2020.3,Albania,,184,0.0,
25,2020.2,Albania,,176,0.0,
26,2021.4,Algeria,,215,0.0,
27,2021.3,Algeria,,215,0.0,
28,2021.2,Algeria,,211,0.0,
29,2021.1,Algeria,,206,0.0,
30,2021.0,Algeria,,194,0.0,
31,2020.9,Algeria,,189,0.0,
32,2020.8,Algeria,,187,0.0,
33,2020.7,Algeria,,185,0.0,
34,2020.6,Algeria,,185,0.0,
35,2020.5,Algeria,,185,0.0,
36,2020.4,Algeria,,185,0.0,
37,2020.3,Algeria,,184,0.0,
38,2020.2,Algeria,,176,0.0,
39,2021.4,Andorra,818.4857142857143,159,529.8571428571429,
40,2021.3,Andorra,529.8571428571429,117,88.11904761904762,
41,2021.2,Andorra,88.11904761904762,96,0.0,
42,2021.1,Andorra,,206,0.0,
43,2021.0,Andorra,,194,0.0,
44,2020.9,Andorra,,189,0.0,
45,2020.8,Andorra,,187,0.0,
46,2020.7,Andorra,,185,0.0,
47,2020.6,Andorra,,185,0.0,
48,2020.5,Andorra,,185,0.0,
49,2020.4,Andorra,,185,0.0,
50,2020.3,Andorra,,184,0.0,
51,2020.2,Andorra,,176,0.0,
52,2021.4,Angola,42640.171428571426,92,0.0,
53,2021.3,Angola,,215,0.0,
54,2021.2,Angola,,211,0.0,
55,2021.1,Angola,,206,0.0,
56,2021.0,Angola,,194,0.0,
57,2020.9,Angola,,189,0.0,
58,2020.8,Angola,,187,0.0,
59,2020.7,Angola,,185,0.0,
60,2020.6,Angola,,185,0.0,
61,2020.5,Angola,,185,0.0,
62,2020.4,Angola,,185,0.0,
63,2020.3,Angola,,184,0.0,
64,2020.2,Angola,,176,0.0,
65,2021.4,Anguilla,591.3846153846154,161,22.37142857142857,
66,2021.3,Anguilla,22.37142857142857,136,0.0,
67,2021.2,Anguilla,,211,0.0,
68,2021.1,Anguilla,,206,0.0,
69,2021.4,Antigua and Barbuda,4604.228571428572,133,0.0,
70,2021.3,Antigua and Barbuda,,215,0.0,
71,2021.2,Antigua and Barbuda,,211,0.0,
72,2021.1,Antigua and Barbuda,,206,0.0,
73,2021.0,Antigua and Barbuda,,194,0.0,
74,2020.9,Antigua and Barbuda,,189,0.0,
75,2020.8,Antigua and Barbuda,,187,0.0,
76,2020.7,Antigua and Barbuda,,185,0.0,
77,2020.6,Antigua and Barbuda,,185,0.0,
78,2020.5,Antigua and Barbuda,,185,0.0,
79,2020.4,Antigua and Barbuda,,185,0.0,
80,2020.3,Antigua and Barbuda,,184,0.0,
81,2020.2,Antigua and Barbuda,,176,0.0,
82,2021.4,Argentina,2486952.0,21,885095.8571428572,
83,2021.3,Argentina,885095.8571428572,23,461334.1904761905,
84,2021.2,Argentina,461334.1904761905,20,124102.54285714286,
85,2021.1,Argentina,124102.54285714286,14,0.0,
86,2021.0,Argentina,,194,0.0,
87,2020.9,Argentina,,189,0.0,
88,2020.8,Argentina,,187,0.0,
89,2020.7,Argentina,,185,0.0,
90,2020.6,Argentina,,185,0.0,
91,2020.5,Argentina,,185,0.0,
92,2020.4,Argentina,,185,0.0,
93,2020.3,Argentina,,184,0.0,
94,2020.2,Argentina,,176,0.0,
95,2021.4,Armenia,,215,0.0,
96,2021.3,Armenia,,215,0.0,
97,2021.2,Armenia,,211,0.0,
98,2021.1,Armenia,,206,0.0,
99,2021.0,Armenia,,194,0.0,
100,2020.9,Armenia,,189,0.0,
101,2020.8,Armenia,,187,0.0,
102,2020.7,Armenia,,185,0.0,
103,2020.6,Armenia,,185,0.0,
104,2020.5,Armenia,,185,0.0,
105,2020.4,Armenia,,185,0.0,
106,2020.3,Armenia,,184,0.0,
107,2020.2,Armenia,,176,0.0,
108,2021.4,Aruba,40540.91176470588,94,13128.971428571429,
109,2021.3,Aruba,13128.971428571429,86,1452.2857142857142,
110,2021.2,Aruba,1452.2857142857142,76,0.0,
111,2021.4,Australia,331914.0,58,0.0,
112,2021.3,Australia,,215,0.0,
113,2021.2,Australia,,211,0.0,
114,2021.1,Australia,,206,0.0,
115,2021.0,Australia,,194,0.0,
116,2020.9,Australia,,189,0.0,
117,2020.8,Australia,,187,0.0,
118,2020.7,Australia,,185,0.0,
119,2020.6,Australia,,185,0.0,
120,2020.5,Australia,,185,0.0,
121,2020.4,Australia,,185,0.0,
122,2020.3,Australia,,184,0.0,
123,2020.2,Australia,,176,0.0,
124,2021.4,Austria,1475663.9428571428,30,767365.7714285714,
125,2021.3,Austria,767365.7714285714,28,326370.59523809527,
126,2021.2,Austria,326370.59523809527,27,90582.68571428572,
127,2021.1,Austria,90582.68571428572,20,9.142857142857142,
128,2021.0,Austria,9.142857142857142,19,0.0,
129,2020.9,Austria,,189,0.0,
130,2020.8,Austria,,187,0.0,
131,2020.7,Austria,,185,0.0,
132,2020.6,Austria,,185,0.0,
133,2020.5,Austria,,185,0.0,
134,2020.4,Austria,,185,0.0,
135,2020.3,Austria,,184,0.0,
136,2020.2,Austria,,176,0.0,
137,2021.4,Azerbaijan,836220.1428571428,42,466988.0,
138,2021.3,Azerbaijan,466988.0,35,31335.666666666668,
139,2021.2,Azerbaijan,31335.666666666668,50,0.0,
140,2021.1,Azerbaijan,,206,0.0,
141,2021.0,Azerbaijan,,194,0.0,
142,2020.9,Azerbaijan,,189,0.0,
143,2020.8,Azerbaijan,,187,0.0,
144,2020.7,Azerbaijan,,185,0.0,
145,2020.6,Azerbaijan,,185,0.0,
146,2020.5,Azerbaijan,,185,0.0,
147,2020.4,Azerbaijan,,185,0.0,
148,2020.3,Azerbaijan,,184,0.0,
149,2020.2,Azerbaijan,,176,0.0,
150,2021.4,Bahamas,1321.4571428571428,148,0.0,
151,2021.3,Bahamas,,215,0.0,
152,2021.2,Bahamas,,211,0.0,
153,2021.1,Bahamas,,206,0.0,
154,2021.0,Bahamas,,194,0.0,
155,2020.9,Bahamas,,189,0.0,
156,2020.8,Bahamas,,187,0.0,
157,2020.7,Bahamas,,185,0.0,
158,2020.6,Bahamas,,185,0.0,
159,2020.5,Bahamas,,185,0.0,
160,2020.4,Bahamas,,185,0.0,
161,2020.3,Bahamas,,184,0.0,
162,2020.2,Bahamas,,176,0.0,
163,2021.4,Bahrain,738689.1142857143,44,478730.34285714285,
164,2021.3,Bahrain,478730.34285714285,33,166246.97619047618,
165,2021.2,Bahrain,166246.97619047618,33,0.0,
166,2021.1,Bahrain,,206,0.0,
167,2021.0,Bahrain,,194,0.0,
168,2020.9,Bahrain,,189,0.0,
169,2020.8,Bahrain,,187,0.0,
170,2020.7,Bahrain,,185,0.0,
171,2020.6,Bahrain,,185,0.0,
172,2020.5,Bahrain,,185,0.0,
173,2020.4,Bahrain,,185,0.0,
174,2020.3,Bahrain,,184,0.0,
175,2020.2,Bahrain,,176,0.0,
176,2021.4,Bangladesh,2532305.0285714287,20,1275990.657142857,
177,2021.3,Bangladesh,1275990.657142857,19,0.0,
178,2021.2,Bangladesh,,211,0.0,
179,2021.1,Bangladesh,,206,0.0,
180,2021.0,Bangladesh,,194,0.0,
181,2020.9,Bangladesh,,189,0.0,
182,2020.8,Bangladesh,,187,0.0,
183,2020.7,Bangladesh,,185,0.0,
184,2020.6,Bangladesh,,185,0.0,
185,2020.5,Bangladesh,,185,0.0,
186,2020.4,Bangladesh,,185,0.0,
187,2020.3,Bangladesh,,184,0.0,
188,2020.2,Bangladesh,,176,0.0,
189,2021.4,Barbados,50963.42857142857,90,6444.542857142857,
190,2021.3,Barbados,6444.542857142857,94,0.0,
191,2021.2,Barbados,,211,0.0,
192,2021.1,Barbados,,206,0.0,
193,2021.0,Barbados,,194,0.0,
194,2020.9,Barbados,,189,0.0,
195,2020.8,Barbados,,187,0.0,
196,2020.7,Barbados,,185,0.0,
197,2020.6,Barbados,,185,0.0,
198,2020.5,Barbados,,185,0.0,
199,2020.4,Barbados,,185,0.0,
200,2020.3,Barbados,,184,0.0,
201,2020.2,Barbados,,176,0.0,
202,2021.4,Belarus,24740.657142857144,101,7445.714285714285,
203,2021.3,Belarus,7445.714285714285,91,859.5238095238095,
204,2021.2,Belarus,859.5238095238095,84,0.0,
205,2021.1,Belarus,,206,0.0,
206,2021.0,Belarus,,194,0.0,
207,2020.9,Belarus,,189,0.0,
208,2020.8,Belarus,,187,0.0,
209,2020.7,Belarus,,185,0.0,
210,2020.6,Belarus,,185,0.0,
211,2020.5,Belarus,,185,0.0,
212,2020.4,Belarus,,185,0.0,
213,2020.3,Belarus,,184,0.0,
214,2020.2,Belarus,,176,0.0,
215,2021.4,Belgium,1934086.7142857143,25,791788.0571428571,
216,2021.3,Belgium,791788.0571428571,26,432998.88095238095,
217,2021.2,Belgium,432998.88095238095,22,113058.97142857143,
218,2021.1,Belgium,113058.97142857143,15,46.833333333333336,
219,2021.0,Belgium,46.833333333333336,10,0.0,
220,2020.9,Belgium,,189,0.0,
221,2020.8,Belgium,,187,0.0,
222,2020.7,Belgium,,185,0.0,
223,2020.6,Belgium,,185,0.0,
224,2020.5,Belgium,,185,0.0,
225,2020.4,Belgium,,185,0.0,
226,2020.3,Belgium,,184,0.0,
227,2020.2,Belgium,,176,0.0,
228,2021.4,Belize,3599.2571428571428,138,0.0,
229,2021.3,Belize,,215,0.0,
230,2021.2,Belize,,211,0.0,
231,2021.1,Belize,,206,0.0,
232,2021.0,Belize,,194,0.0,
233,2020.9,Belize,,189,0.0,
234,2020.8,Belize,,187,0.0,
235,2020.7,Belize,,185,0.0,
236,2020.6,Belize,,185,0.0,
237,2020.5,Belize,,185,0.0,
238,2020.4,Belize,,185,0.0,
239,2020.3,Belize,,184,0.0,
240,2020.2,Belize,,176,0.0,
241,2021.4,Benin,148.8,172,0.0,
242,2021.3,Benin,,215,0.0,
243,2021.2,Benin,,211,0.0,
244,2021.1,Benin,,206,0.0,
245,2021.0,Benin,,194,0.0,
246,2020.9,Benin,,189,0.0,
247,2020.8,Benin,,187,0.0,
248,2020.7,Benin,,185,0.0,
249,2020.6,Benin,,185,0.0,
250,2020.5,Benin,,185,0.0,
251,2020.4,Benin,,185,0.0,
252,2020.3,Benin,,184,0.0,
253,2020.2,Benin,,176,0.0,
254,2021.4,Bermuda,6758.689655172414,125,2606.114285714286,
255,2021.3,Bermuda,2606.114285714286,103,2103.6428571428573,
256,2021.2,Bermuda,2103.6428571428573,75,91.17142857142858,
257,2021.1,Bermuda,91.17142857142858,58,0.0,
258,2021.0,Bermuda,,194,0.0,
259,2021.4,Bhutan,,215,0.0,
260,2021.3,Bhutan,,215,0.0,
261,2021.2,Bhutan,,211,0.0,
262,2021.1,Bhutan,,206,0.0,
263,2021.0,Bhutan,,194,0.0,
264,2020.9,Bhutan,,189,0.0,
265,2020.8,Bhutan,,187,0.0,
266,2020.7,Bhutan,,185,0.0,
267,2020.6,Bhutan,,185,0.0,
268,2020.5,Bhutan,,185,0.0,
269,2020.4,Bhutan,,185,0.0,
270,2020.3,Bhutan,,184,0.0,
271,2020.2,Bhutan,,176,0.0,
272,2021.4,Bolivia,282857.2571428571,62,170827.08571428573,
273,2021.3,Bolivia,170827.08571428573,48,34693.666666666664,
274,2021.2,Bolivia,34693.666666666664,48,0.0,
275,2021.1,Bolivia,,206,0.0,
276,2021.0,Bolivia,,194,0.0,
277,2020.9,Bolivia,,189,0.0,
278,2020.8,Bolivia,,187,0.0,
279,2020.7,Bolivia,,185,0.0,
280,2020.6,Bolivia,,185,0.0,
281,2020.5,Bolivia,,185,0.0,
282,2020.4,Bolivia,,185,0.0,
283,2020.3,Bolivia,,184,0.0,
284,2020.2,Bolivia,,176,0.0,
285,2021.3,Bonaire Sint Eustatius and Saba,1665.0,107,0.0,
286,2021.4,Bosnia and Herzegovina,4037.1714285714284,137,662.9714285714285,
287,2021.3,Bosnia and Herzegovina,662.9714285714285,116,0.0,
288,2021.2,Bosnia and Herzegovina,,211,0.0,
289,2021.1,Bosnia and Herzegovina,,206,0.0,
290,2021.0,Bosnia and Herzegovina,,194,0.0,
291,2020.9,Bosnia and Herzegovina,,189,0.0,
292,2020.8,Bosnia and Herzegovina,,187,0.0,
293,2020.7,Bosnia and Herzegovina,,185,0.0,
294,2020.6,Bosnia and Herzegovina,,185,0.0,
295,2020.5,Bosnia and Herzegovina,,185,0.0,
296,2020.4,Bosnia and Herzegovina,,185,0.0,
297,2020.3,Bosnia and Herzegovina,,184,0.0,
298,2020.2,Bosnia and Herzegovina,,176,0.0,
299,2021.4,Botswana,,215,0.0,
300,2021.3,Botswana,,215,0.0,
301,2021.2,Botswana,,211,0.0,
302,2021.1,Botswana,,206,0.0,
303,2021.0,Botswana,,194,0.0,
304,2020.9,Botswana,,189,0.0,
305,2020.8,Botswana,,187,0.0,
306,2020.7,Botswana,,185,0.0,
307,2020.6,Botswana,,185,0.0,
308,2020.5,Botswana,,185,0.0,
309,2020.4,Botswana,,185,0.0,
310,2020.3,Botswana,,184,0.0,
311,2021.4,Brazil,16163524.885714285,4,8650974.857142856,
312,2021.3,Brazil,8650974.857142856,4,2579764.714285714,
313,2021.2,Brazil,2579764.714285714,6,158973.48571428572,
314,2021.1,Brazil,158973.48571428572,12,0.0,
315,2021.0,Brazil,,194,0.0,
316,2020.9,Brazil,,189,0.0,
317,2020.8,Brazil,,187,0.0,
318,2020.7,Brazil,,185,0.0,
319,2020.6,Brazil,,185,0.0,
320,2020.5,Brazil,,185,0.0,
321,2020.4,Brazil,,185,0.0,
322,2020.3,Brazil,,184,0.0,
323,2020.2,Brazil,,176,0.0,
324,2021.4,British Virgin Islands,1065.625,152,0.0,
325,2021.4,Brunei,4253.142857142857,135,384.0571428571429,
326,2021.3,Brunei,384.0571428571429,119,0.0,
327,2021.2,Brunei,,211,0.0,
328,2021.1,Brunei,,206,0.0,
329,2021.0,Brunei,,194,0.0,
330,2020.9,Brunei,,189,0.0,
331,2020.8,Brunei,,187,0.0,
332,2020.7,Brunei,,185,0.0,
333,2020.6,Brunei,,185,0.0,
334,2020.5,Brunei,,185,0.0,
335,2020.4,Brunei,,185,0.0,
336,2020.3,Brunei,,184,0.0,
337,2020.2,Brunei,,176,0.0,
338,2021.4,Bulgaria,530315.8285714285,49,167922.48571428572,
339,2021.3,Bulgaria,167922.48571428572,49,63260.57142857143,
340,2021.2,Bulgaria,63260.57142857143,41,14832.314285714287,
341,2021.1,Bulgaria,14832.314285714287,33,0.0,
342,2021.0,Bulgaria,,194,0.0,
343,2020.9,Bulgaria,,189,0.0,
344,2020.8,Bulgaria,,187,0.0,
345,2020.7,Bulgaria,,185,0.0,
346,2020.6,Bulgaria,,185,0.0,
347,2020.5,Bulgaria,,185,0.0,
348,2020.4,Bulgaria,,185,0.0,
349,2020.3,Bulgaria,,184,0.0,
350,2020.2,Bulgaria,,176,0.0,
351,2021.4,Burkina Faso,,215,0.0,
352,2021.3,Burkina Faso,,215,0.0,
353,2021.2,Burkina Faso,,211,0.0,
354,2021.1,Burkina Faso,,206,0.0,
355,2021.0,Burkina Faso,,194,0.0,
356,2020.9,Burkina Faso,,189,0.0,
357,2020.8,Burkina Faso,,187,0.0,
358,2020.7,Burkina Faso,,185,0.0,
359,2020.6,Burkina Faso,,185,0.0,
360,2020.5,Burkina Faso,,185,0.0,
361,2020.4,Burkina Faso,,185,0.0,
362,2020.3,Burkina Faso,,184,0.0,
363,2020.2,Burkina Faso,,176,0.0,
364,2021.4,Burundi,,215,0.0,
365,2021.3,Burundi,,215,0.0,
366,2021.2,Burundi,,211,0.0,
367,2021.1,Burundi,,206,0.0,
368,2021.0,Burundi,,194,0.0,
369,2020.9,Burundi,,189,0.0,
370,2020.8,Burundi,,187,0.0,
371,2020.7,Burundi,,185,0.0,
372,2020.6,Burundi,,185,0.0,
373,2020.5,Burundi,,185,0.0,
374,2020.4,Burundi,,185,0.0,
375,2020.3,Burundi,,184,0.0,
376,2021.4,Cambodia,1754464.5428571429,28,589667.3714285714,
377,2021.3,Cambodia,589667.3714285714,31,93791.92857142857,
378,2021.2,Cambodia,93791.92857142857,36,0.0,
379,2021.1,Cambodia,,206,0.0,
380,2021.0,Cambodia,,194,0.0,
381,2020.9,Cambodia,,189,0.0,
382,2020.8,Cambodia,,187,0.0,
383,2020.7,Cambodia,,185,0.0,
384,2020.6,Cambodia,,185,0.0,
385,2020.5,Cambodia,,185,0.0,
386,2020.4,Cambodia,,185,0.0,
387,2020.3,Cambodia,,184,0.0,
388,2020.2,Cambodia,,176,0.0,
389,2021.4,Cameroon,1762.7428571428572,143,0.0,
390,2021.3,Cameroon,,215,0.0,
391,2021.2,Cameroon,,211,0.0,
392,2021.1,Cameroon,,206,0.0,
393,2021.0,Cameroon,,194,0.0,
394,2020.9,Cameroon,,189,0.0,
395,2020.8,Cameroon,,187,0.0,
396,2020.7,Cameroon,,185,0.0,
397,2020.6,Cameroon,,185,0.0,
398,2020.5,Cameroon,,185,0.0,
399,2020.4,Cameroon,,185,0.0,
400,2020.3,Cameroon,,184,0.0,
401,2020.2,Cameroon,,176,0.0,
402,2021.4,Canada,2177735.8571428573,24,975305.9142857143,
403,2021.3,Canada,975305.9142857143,20,598875.6666666666,
404,2021.2,Canada,598875.6666666666,18,177149.42857142858,
405,2021.1,Canada,177149.42857142858,11,2362.5238095238096,
406,2021.0,Canada,2362.5238095238096,5,0.0,
407,2020.9,Canada,,189,0.0,
408,2020.8,Canada,,187,0.0,
409,2020.7,Canada,,185,0.0,
410,2020.6,Canada,,185,0.0,
411,2020.5,Canada,,185,0.0,
412,2020.4,Canada,,185,0.0,
413,2020.3,Canada,,184,0.0,
414,2020.2,Canada,,176,0.0,
415,2021.4,Cape Verde,385.14285714285717,164,0.0,
416,2021.3,Cape Verde,,215,0.0,
417,2021.2,Cape Verde,,211,0.0,
418,2021.1,Cape Verde,,206,0.0,
419,2021.0,Cape Verde,,194,0.0,
420,2020.9,Cape Verde,,189,0.0,
421,2020.8,Cape Verde,,187,0.0,
422,2020.7,Cape Verde,,185,0.0,
423,2020.6,Cape Verde,,185,0.0,
424,2020.5,Cape Verde,,185,0.0,
425,2020.4,Cape Verde,,185,0.0,
426,2020.3,Cape Verde,,184,0.0,
427,2020.2,Cape Verde,,176,0.0,
428,2021.4,Cayman Islands,12230.566666666668,107,7747.657142857143,
429,2021.3,Cayman Islands,7747.657142857143,90,4100.9047619047615,
430,2021.2,Cayman Islands,4100.9047619047615,68,1174.2857142857142,
431,2021.1,Cayman Islands,1174.2857142857142,49,0.0,
432,2021.0,Cayman Islands,,194,0.0,
433,2021.4,Central African Republic,48.77142857142857,174,0.0,
434,2021.3,Central African Republic,,215,0.0,
435,2021.2,Central African Republic,,211,0.0,
436,2021.1,Central African Republic,,206,0.0,
437,2021.0,Central African Republic,,194,0.0,
438,2020.9,Central African Republic,,189,0.0,
439,2020.8,Central African Republic,,187,0.0,
440,2020.7,Central African Republic,,185,0.0,
441,2020.6,Central African Republic,,185,0.0,
442,2020.5,Central African Republic,,185,0.0,
443,2020.4,Central African Republic,,185,0.0,
444,2020.3,Central African Republic,,184,0.0,
445,2020.2,Central African Republic,,176,0.0,
446,2021.4,Chad,,215,0.0,
447,2021.3,Chad,,215,0.0,
448,2021.2,Chad,,211,0.0,
449,2021.1,Chad,,206,0.0,
450,2021.0,Chad,,194,0.0,
451,2020.9,Chad,,189,0.0,
452,2020.8,Chad,,187,0.0,
453,2020.7,Chad,,185,0.0,
454,2020.6,Chad,,185,0.0,
455,2020.5,Chad,,185,0.0,
456,2020.4,Chad,,185,0.0,
457,2020.3,Chad,,184,0.0,
458,2020.2,Chad,,176,0.0,
459,2021.4,Chile,7495752.2,12,5854936.485714286,
460,2021.3,Chile,5854936.485714286,8,1890811.0238095238,
461,2021.2,Chile,1890811.0238095238,10,27132.685714285715,
462,2021.1,Chile,27132.685714285715,31,759.1666666666666,
463,2021.0,Chile,759.1666666666666,7,0.0,
464,2020.9,Chile,,189,0.0,
465,2020.8,Chile,,187,0.0,
466,2020.7,Chile,,185,0.0,
467,2020.6,Chile,,185,0.0,
468,2020.5,Chile,,185,0.0,
469,2020.4,Chile,,185,0.0,
470,2020.3,Chile,,184,0.0,
471,2020.2,Chile,,176,0.0,
472,2021.4,China,6379971.428571428,13,0.0,
473,2021.3,China,,215,0.0,
474,2021.2,China,,211,0.0,
475,2021.1,China,,206,0.0,
476,2021.0,China,,194,0.0,
477,2020.9,China,,189,0.0,
478,2020.8,China,,187,0.0,
479,2020.7,China,,185,0.0,
480,2020.6,China,,185,0.0,
481,2020.5,China,,185,0.0,
482,2020.4,China,,185,0.0,
483,2020.3,China,,184,0.0,
484,2020.2,China,,176,0.0,
485,2021.4,Colombia,2734657.4,19,873010.5714285715,
486,2021.3,Colombia,873010.5714285715,24,84318.88095238095,
487,2021.2,Colombia,84318.88095238095,38,0.0,
488,2021.1,Colombia,,206,0.0,
489,2021.0,Colombia,,194,0.0,
490,2020.9,Colombia,,189,0.0,
491,2020.8,Colombia,,187,0.0,
492,2020.7,Colombia,,185,0.0,
493,2020.6,Colombia,,185,0.0,
494,2020.5,Colombia,,185,0.0,
495,2020.4,Colombia,,185,0.0,
496,2020.3,Colombia,,184,0.0,
497,2020.2,Colombia,,176,0.0,
498,2021.4,Comoros,2737.885714285714,139,0.0,
499,2021.3,Comoros,,215,0.0,
500,2021.2,Comoros,,211,0.0,
501,2021.1,Comoros,,206,0.0,
502,2021.0,Comoros,,194,0.0,
503,2020.9,Comoros,,189,0.0,
504,2020.8,Comoros,,187,0.0,
505,2020.7,Comoros,,185,0.0,
506,2020.6,Comoros,,185,0.0,
507,2020.5,Comoros,,185,0.0,
508,2020.4,Comoros,,185,0.0,
509,2020.3,Comoros,,184,0.0,
510,2021.4,Congo,893.2857142857143,155,0.0,
511,2021.3,Congo,,215,0.0,
512,2021.2,Congo,,211,0.0,
513,2021.1,Congo,,206,0.0,
514,2021.0,Congo,,194,0.0,
515,2020.9,Congo,,189,0.0,
516,2020.8,Congo,,187,0.0,
517,2020.7,Congo,,185,0.0,
518,2020.6,Congo,,185,0.0,
519,2020.5,Congo,,185,0.0,
520,2020.4,Congo,,185,0.0,
521,2020.3,Congo,,184,0.0,
522,2020.2,Congo,,176,0.0,
523,2021.4,Cook Islands,1.9333333333333333,177,0.0,
524,2021.4,Costa Rica,82568.71428571429,78,37690.25714285715,
525,2021.3,Costa Rica,37690.25714285715,70,16836.238095238095,
526,2021.2,Costa Rica,16836.238095238095,56,2437.342857142857,
527,2021.1,Costa Rica,2437.342857142857,44,1.3095238095238095,
528,2021.0,Costa Rica,1.3095238095238095,22,0.0,
529,2020.9,Costa Rica,,189,0.0,
530,2020.8,Costa Rica,,187,0.0,
531,2020.7,Costa Rica,,185,0.0,
532,2020.6,Costa Rica,,185,0.0,
533,2020.5,Costa Rica,,185,0.0,
534,2020.4,Costa Rica,,185,0.0,
535,2020.3,Costa Rica,,184,0.0,
536,2020.2,Costa Rica,,176,0.0,
537,2021.4,Cote d'Ivoire,,215,0.0,
538,2021.3,Cote d'Ivoire,,215,0.0,
539,2021.2,Cote d'Ivoire,,211,0.0,
540,2021.1,Cote d'Ivoire,,206,0.0,
541,2021.0,Cote d'Ivoire,,194,0.0,
542,2020.9,Cote d'Ivoire,,189,0.0,
543,2020.8,Cote d'Ivoire,,187,0.0,
544,2020.7,Cote d'Ivoire,,185,0.0,
545,2020.6,Cote d'Ivoire,,185,0.0,
546,2020.5,Cote d'Ivoire,,185,0.0,
547,2020.4,Cote d'Ivoire,,185,0.0,
548,2020.3,Cote d'Ivoire,,184,0.0,
549,2020.2,Cote d'Ivoire,,176,0.0,
550,2021.4,Croatia,379980.45714285714,53,157231.37142857144,
551,2021.3,Croatia,157231.37142857144,51,26655.785714285714,
552,2021.2,Croatia,26655.785714285714,51,8558.542857142857,
553,2021.1,Croatia,8558.542857142857,37,0.0,
554,2021.0,Croatia,,194,0.0,
555,2020.9,Croatia,,189,0.0,
556,2020.8,Croatia,,187,0.0,
557,2020.7,Croatia,,185,0.0,
558,2020.6,Croatia,,185,0.0,
559,2020.5,Croatia,,185,0.0,
560,2020.4,Croatia,,185,0.0,
561,2020.3,Croatia,,184,0.0,
562,2020.2,Croatia,,176,0.0,
563,2021.4,Cuba,76426.14285714286,80,0.0,
564,2021.3,Cuba,,215,0.0,
565,2021.2,Cuba,,211,0.0,
566,2021.1,Cuba,,206,0.0,
567,2021.0,Cuba,,194,0.0,
568,2020.9,Cuba,,189,0.0,
569,2020.8,Cuba,,187,0.0,
570,2020.7,Cuba,,185,0.0,
571,2020.6,Cuba,,185,0.0,
572,2020.5,Cuba,,185,0.0,
573,2020.4,Cuba,,185,0.0,
574,2020.3,Cuba,,184,0.0,
575,2020.2,Cuba,,176,0.0,
576,2021.4,Curacao,60019.94285714286,83,15966.771428571428,
577,2021.3,Curacao,15966.771428571428,80,2110.5714285714284,
578,2021.2,Curacao,2110.5714285714284,74,0.0,
579,2021.4,Cyprus,118555.74285714286,75,15547.485714285714,
580,2021.3,Cyprus,15547.485714285714,81,3677.4285714285716,
581,2021.2,Cyprus,3677.4285714285716,69,1476.857142857143,
582,2021.1,Cyprus,1476.857142857143,48,0.0,
583,2021.0,Cyprus,,194,0.0,
584,2020.9,Cyprus,,189,0.0,
585,2020.8,Cyprus,,187,0.0,
586,2020.7,Cyprus,,185,0.0,
587,2020.6,Cyprus,,185,0.0,
588,2020.5,Cyprus,,185,0.0,
589,2020.4,Cyprus,,185,0.0,
590,2020.3,Cyprus,,184,0.0,
591,2020.2,Cyprus,,176,0.0,
592,2021.4,Czechia,1446274.4571428571,31,890917.4857142858,
593,2021.3,Czechia,890917.4857142858,22,346496.4285714286,
594,2021.2,Czechia,346496.4285714286,26,91853.05714285714,
595,2021.1,Czechia,91853.05714285714,19,15.19047619047619,
596,2021.0,Czechia,15.19047619047619,17,0.0,
597,2020.9,Czechia,,189,0.0,
598,2020.8,Czechia,,187,0.0,
599,2020.7,Czechia,,185,0.0,
600,2020.6,Czechia,,185,0.0,
601,2020.5,Czechia,,185,0.0,
602,2020.4,Czechia,,185,0.0,
603,2020.3,Czechia,,184,0.0,
604,2020.2,Czechia,,176,0.0,
605,2021.4,Democratic Republic of Congo,149.0857142857143,171,0.0,
606,2021.3,Democratic Republic of Congo,,215,0.0,
607,2021.2,Democratic Republic of Congo,,211,0.0,
608,2021.1,Democratic Republic of Congo,,206,0.0,
609,2021.0,Democratic Republic of Congo,,194,0.0,
610,2020.9,Democratic Republic of Congo,,189,0.0,
611,2020.8,Democratic Republic of Congo,,187,0.0,
612,2020.7,Democratic Republic of Congo,,185,0.0,
613,2020.6,Democratic Republic of Congo,,185,0.0,
614,2020.5,Democratic Republic of Congo,,185,0.0,
615,2020.4,Democratic Republic of Congo,,185,0.0,
616,2020.3,Democratic Republic of Congo,,184,0.0,
617,2020.2,Democratic Republic of Congo,,176,0.0,
618,2021.4,Denmark,1222902.342857143,33,577927.2857142857,
619,2021.3,Denmark,577927.2857142857,32,272451.61904761905,
620,2021.2,Denmark,272451.61904761905,28,102238.97142857143,
621,2021.1,Denmark,102238.97142857143,18,17.785714285714285,
622,2021.0,Denmark,17.785714285714285,14,0.0,
623,2020.9,Denmark,,189,0.0,
624,2020.8,Denmark,,187,0.0,
625,2020.7,Denmark,,185,0.0,
626,2020.6,Denmark,,185,0.0,
627,2020.5,Denmark,,185,0.0,
628,2020.4,Denmark,,185,0.0,
629,2020.3,Denmark,,184,0.0,
630,2020.2,Denmark,,176,0.0,
631,2021.4,Djibouti,320.1714285714286,165,14.142857142857142,
632,2021.3,Djibouti,14.142857142857142,137,0.0,
633,2021.2,Djibouti,,211,0.0,
634,2021.1,Djibouti,,206,0.0,
635,2021.0,Djibouti,,194,0.0,
636,2020.9,Djibouti,,189,0.0,
637,2020.8,Djibouti,,187,0.0,
638,2020.7,Djibouti,,185,0.0,
639,2020.6,Djibouti,,185,0.0,
640,2020.5,Djibouti,,185,0.0,
641,2020.4,Djibouti,,185,0.0,
642,2020.3,Djibouti,,184,0.0,
643,2020.2,Djibouti,,176,0.0,
644,2021.4,Dominica,4203.371428571429,136,865.9428571428572,
645,2021.3,Dominica,865.9428571428572,115,8.023809523809524,
646,2021.2,Dominica,8.023809523809524,102,0.0,
647,2021.1,Dominica,,206,0.0,
648,2021.0,Dominica,,194,0.0,
649,2020.9,Dominica,,189,0.0,
650,2020.8,Dominica,,187,0.0,
651,2020.7,Dominica,,185,0.0,
652,2020.6,Dominica,,185,0.0,
653,2020.5,Dominica,,185,0.0,
654,2020.4,Dominica,,185,0.0,
655,2020.3,Dominica,,184,0.0,
656,2020.2,Dominica,,176,0.0,
657,2021.4,Dominican Republic,1013277.1714285715,35,357754.14285714284,
658,2021.3,Dominican Republic,357754.14285714284,40,1295.1190476190477,
659,2021.2,Dominican Republic,1295.1190476190477,77,0.0,
660,2021.1,Dominican Republic,,206,0.0,
661,2021.0,Dominican Republic,,194,0.0,
662,2020.9,Dominican Republic,,189,0.0,
663,2020.8,Dominican Republic,,187,0.0,
664,2020.7,Dominican Republic,,185,0.0,
665,2020.6,Dominican Republic,,185,0.0,
666,2020.5,Dominican Republic,,185,0.0,
667,2020.4,Dominican Republic,,185,0.0,
668,2020.3,Dominican Republic,,184,0.0,
669,2020.2,Dominican Republic,,176,0.0,
670,2021.4,Ecuador,406816.34285714285,51,153430.54285714286,
671,2021.3,Ecuador,153430.54285714286,53,13140.190476190477,
672,2021.2,Ecuador,13140.190476190477,57,56.05714285714286,
673,2021.1,Ecuador,56.05714285714286,59,0.0,
674,2021.0,Ecuador,,194,0.0,
675,2020.9,Ecuador,,189,0.0,
676,2020.8,Ecuador,,187,0.0,
677,2020.7,Ecuador,,185,0.0,
678,2020.6,Ecuador,,185,0.0,
679,2020.5,Ecuador,,185,0.0,
680,2020.4,Ecuador,,185,0.0,
681,2020.3,Ecuador,,184,0.0,
682,2020.2,Ecuador,,176,0.0,
683,2021.4,Egypt,76787.62857142858,79,6738.628571428571,
684,2021.3,Egypt,6738.628571428571,93,0.0,
685,2021.2,Egypt,,211,0.0,
686,2021.1,Egypt,,206,0.0,
687,2021.0,Egypt,,194,0.0,
688,2020.9,Egypt,,189,0.0,
689,2020.8,Egypt,,187,0.0,
690,2020.7,Egypt,,185,0.0,
691,2020.6,Egypt,,185,0.0,
692,2020.5,Egypt,,185,0.0,
693,2020.4,Egypt,,185,0.0,
694,2020.3,Egypt,,184,0.0,
695,2020.2,Egypt,,176,0.0,
696,2021.4,El Salvador,333245.28571428574,57,24730.285714285714,
697,2021.3,El Salvador,24730.285714285714,76,0.0,
698,2021.2,El Salvador,,211,0.0,
699,2021.1,El Salvador,,206,0.0,
700,2021.0,El Salvador,,194,0.0,
701,2020.9,El Salvador,,189,0.0,
702,2020.8,El Salvador,,187,0.0,
703,2020.7,El Salvador,,185,0.0,
704,2020.6,El Salvador,,185,0.0,
705,2020.5,El Salvador,,185,0.0,
706,2020.4,El Salvador,,185,0.0,
707,2020.3,El Salvador,,184,0.0,
708,2020.2,El Salvador,,176,0.0,
709,2021.4,Equatorial Guinea,14297.057142857142,105,913.8,
710,2021.3,Equatorial Guinea,913.8,114,147.54761904761904,
711,2021.2,Equatorial Guinea,147.54761904761904,94,0.0,
712,2021.1,Equatorial Guinea,,206,0.0,
713,2021.0,Equatorial Guinea,,194,0.0,
714,2020.9,Equatorial Guinea,,189,0.0,
715,2020.8,Equatorial Guinea,,187,0.0,
716,2020.7,Equatorial Guinea,,185,0.0,
717,2020.6,Equatorial Guinea,,185,0.0,
718,2020.5,Equatorial Guinea,,185,0.0,
719,2020.4,Equatorial Guinea,,185,0.0,
720,2020.3,Equatorial Guinea,,184,0.0,
721,2020.2,Equatorial Guinea,,176,0.0,
722,2021.4,Eritrea,,215,0.0,
723,2021.3,Eritrea,,215,0.0,
724,2021.2,Eritrea,,211,0.0,
725,2021.1,Eritrea,,206,0.0,
726,2021.0,Eritrea,,194,0.0,
727,2020.9,Eritrea,,189,0.0,
728,2020.8,Eritrea,,187,0.0,
729,2020.7,Eritrea,,185,0.0,
730,2020.6,Eritrea,,185,0.0,
731,2020.5,Eritrea,,185,0.0,
732,2020.4,Eritrea,,185,0.0,
733,2020.3,Eritrea,,184,0.0,
734,2020.2,Eritrea,,176,0.0,
735,2021.4,Estonia,223933.54285714286,68,101449.17142857143,
736,2021.3,Estonia,101449.17142857143,60,50254.45238095238,
737,2021.2,Estonia,50254.45238095238,46,13997.114285714286,
738,2021.1,Estonia,13997.114285714286,34,1.7380952380952381,
739,2021.0,Estonia,1.7380952380952381,21,0.0,
740,2020.9,Estonia,,189,0.0,
741,2020.8,Estonia,,187,0.0,
742,2020.7,Estonia,,185,0.0,
743,2020.6,Estonia,,185,0.0,
744,2020.5,Estonia,,185,0.0,
745,2020.4,Estonia,,185,0.0,
746,2020.3,Estonia,,184,0.0,
747,2020.2,Estonia,,176,0.0,
748,2021.4,Eswatini,,215,0.0,
749,2021.3,Eswatini,,215,0.0,
750,2021.2,Eswatini,,211,0.0,
751,2021.1,Eswatini,,206,0.0,
752,2021.0,Eswatini,,194,0.0,
753,2020.9,Eswatini,,189,0.0,
754,2020.8,Eswatini,,187,0.0,
755,2020.7,Eswatini,,185,0.0,
756,2020.6,Eswatini,,185,0.0,
757,2020.5,Eswatini,,185,0.0,
758,2020.4,Eswatini,,185,0.0,
759,2020.3,Eswatini,,184,0.0,
760,2020.2,Eswatini,,176,0.0,
761,2021.4,Ethiopia,,215,0.0,
762,2021.3,Ethiopia,,215,0.0,
763,2021.2,Ethiopia,,211,0.0,
764,2021.1,Ethiopia,,206,0.0,
765,2021.0,Ethiopia,,194,0.0,
766,2020.9,Ethiopia,,189,0.0,
767,2020.8,Ethiopia,,187,0.0,
768,2020.7,Ethiopia,,185,0.0,
769,2020.6,Ethiopia,,185,0.0,
770,2020.5,Ethiopia,,185,0.0,
771,2020.4,Ethiopia,,185,0.0,
772,2020.3,Ethiopia,,184,0.0,
773,2020.2,Ethiopia,,176,0.0,
774,2021.4,Faeroe Islands,5023.085714285714,129,2267.3142857142857,
775,2021.3,Faeroe Islands,2267.3142857142857,105,1278.047619047619,
776,2021.2,Faeroe Islands,1278.047619047619,78,167.83333333333334,
777,2021.1,Faeroe Islands,167.83333333333334,55,0.0,
778,2021.3,Falkland Islands,349.2,120,0.0,
779,2021.2,Falkland Islands,,211,0.0,
780,2021.1,Falkland Islands,,206,0.0,
781,2021.4,Fiji,214.62857142857143,169,0.0,
782,2021.3,Fiji,,215,0.0,
783,2021.2,Fiji,,211,0.0,
784,2021.1,Fiji,,206,0.0,
785,2021.0,Fiji,,194,0.0,
786,2020.9,Fiji,,189,0.0,
787,2020.8,Fiji,,187,0.0,
788,2020.7,Fiji,,185,0.0,
789,2020.6,Fiji,,185,0.0,
790,2020.5,Fiji,,185,0.0,
791,2020.4,Fiji,,185,0.0,
792,2020.3,Fiji,,184,0.0,
793,2020.2,Fiji,,176,0.0,
794,2021.4,Finland,373167.6,54,103983.8,
795,2021.3,Finland,103983.8,59,75529.45238095238,
796,2021.2,Finland,75529.45238095238,39,32387.4,
797,2021.1,Finland,32387.4,30,0.0,
798,2021.0,Finland,,194,0.0,
799,2020.9,Finland,,189,0.0,
800,2020.8,Finland,,187,0.0,
801,2020.7,Finland,,185,0.0,
802,2020.6,Finland,,185,0.0,
803,2020.5,Finland,,185,0.0,
804,2020.4,Finland,,185,0.0,
805,2020.3,Finland,,184,0.0,
806,2020.2,Finland,,176,0.0,
807,2021.4,France,10502416.914285714,9,5307981.714285715,
808,2021.3,France,5307981.714285715,9,2226775.595238095,
809,2021.2,France,2226775.595238095,7,342580.97142857144,
810,2021.1,France,342580.97142857144,8,4.714285714285714,
811,2021.0,France,4.714285714285714,20,0.0,
812,2020.9,France,,189,0.0,
813,2020.8,France,,187,0.0,
814,2020.7,France,,185,0.0,
815,2020.6,France,,185,0.0,
816,2020.5,France,,185,0.0,
817,2020.4,France,,185,0.0,
818,2020.3,France,,184,0.0,
819,2020.2,France,,176,0.0,
820,2021.4,French Polynesia,6779.333333333333,124,2619.7428571428572,
821,2021.3,French Polynesia,2619.7428571428572,102,771.8095238095239,
822,2021.2,French Polynesia,771.8095238095239,85,137.9,
823,2021.1,French Polynesia,137.9,57,0.0,
824,2021.4,Gabon,1544.857142857143,145,316.1714285714286,
825,2021.3,Gabon,316.1714285714286,122,0.0,
826,2021.2,Gabon,,211,0.0,
827,2021.1,Gabon,,206,0.0,
828,2021.0,Gabon,,194,0.0,
829,2020.9,Gabon,,189,0.0,
830,2020.8,Gabon,,187,0.0,
831,2020.7,Gabon,,185,0.0,
832,2020.6,Gabon,,185,0.0,
833,2020.5,Gabon,,185,0.0,
834,2020.4,Gabon,,185,0.0,
835,2020.3,Gabon,,184,0.0,
836,2020.2,Gabon,,176,0.0,
837,2021.4,Gambia,296.8285714285714,167,0.0,
838,2021.3,Gambia,,215,0.0,
839,2021.2,Gambia,,211,0.0,
840,2021.1,Gambia,,206,0.0,
841,2021.0,Gambia,,194,0.0,
842,2020.9,Gambia,,189,0.0,
843,2020.8,Gambia,,187,0.0,
844,2020.7,Gambia,,185,0.0,
845,2020.6,Gambia,,185,0.0,
846,2020.5,Gambia,,185,0.0,
847,2020.4,Gambia,,185,0.0,
848,2020.3,Gambia,,184,0.0,
849,2020.2,Gambia,,176,0.0,
850,2021.4,Georgia,23864.4,102,1579.4857142857143,
851,2021.3,Georgia,1579.4857142857143,108,0.0,
852,2021.2,Georgia,,211,0.0,
853,2021.1,Georgia,,206,0.0,
854,2021.0,Georgia,,194,0.0,
855,2020.9,Georgia,,189,0.0,
856,2020.8,Georgia,,187,0.0,
857,2020.7,Georgia,,185,0.0,
858,2020.6,Georgia,,185,0.0,
859,2020.5,Georgia,,185,0.0,
860,2020.4,Georgia,,185,0.0,
861,2020.3,Georgia,,184,0.0,
862,2020.2,Georgia,,176,0.0,
863,2021.4,Germany,12864383.885714285,5,5983756.257142857,
864,2021.3,Germany,5983756.257142857,7,3098157.476190476,
865,2021.2,Germany,3098157.476190476,5,910524.3428571429,
866,2021.1,Germany,910524.3428571429,3,1297.404761904762,
867,2021.0,Germany,1297.404761904762,6,0.0,
868,2020.9,Germany,,189,0.0,
869,2020.8,Germany,,187,0.0,
870,2020.7,Germany,,185,0.0,
871,2020.6,Germany,,185,0.0,
872,2020.5,Germany,,185,0.0,
873,2020.4,Germany,,185,0.0,
874,2020.3,Germany,,184,0.0,
875,2020.2,Germany,,176,0.0,
876,2020.1,Germany,,32,0.0,
877,2021.4,Ghana,10747.685714285713,114,0.0,
878,2021.3,Ghana,,215,0.0,
879,2021.2,Ghana,,211,0.0,
880,2021.1,Ghana,,206,0.0,
881,2021.0,Ghana,,194,0.0,
882,2020.9,Ghana,,189,0.0,
883,2020.8,Ghana,,187,0.0,
884,2020.7,Ghana,,185,0.0,
885,2020.6,Ghana,,185,0.0,
886,2020.5,Ghana,,185,0.0,
887,2020.4,Ghana,,185,0.0,
888,2020.3,Ghana,,184,0.0,
889,2020.2,Ghana,,176,0.0,
890,2021.4,Gibraltar,11252.1,111,16383.8,
891,2021.3,Gibraltar,16383.8,79,17276.64285714286,
892,2021.2,Gibraltar,17276.64285714286,55,4702.228571428572,
893,2021.1,Gibraltar,4702.228571428572,42,0.0,
894,2021.0,Gibraltar,,194,0.0,
895,2021.4,Greece,1820561.5714285714,27,725819.9428571429,
896,2021.3,Greece,725819.9428571429,29,367463.1666666667,
897,2021.2,Greece,367463.1666666667,25,75519.82857142857,
898,2021.1,Greece,75519.82857142857,23,0.047619047619047616,
899,2021.0,Greece,0.047619047619047616,26,0.0,
900,2020.9,Greece,,189,0.0,
901,2020.8,Greece,,187,0.0,
902,2020.7,Greece,,185,0.0,
903,2020.6,Greece,,185,0.0,
904,2020.5,Greece,,185,0.0,
905,2020.4,Greece,,185,0.0,
906,2020.3,Greece,,184,0.0,
907,2020.2,Greece,,176,0.0,
908,2021.4,Greenland,5399.969696969697,128,2342.4857142857145,
909,2021.3,Greenland,2342.4857142857145,104,28.642857142857142,
910,2021.2,Greenland,28.642857142857142,99,0.0,
911,2021.1,Greenland,,206,0.0,
912,2021.4,Grenada,862.8285714285714,157,328.74285714285713,
913,2021.3,Grenada,328.74285714285713,121,0.047619047619047616,
914,2021.2,Grenada,0.047619047619047616,105,0.0,
915,2021.1,Grenada,,206,0.0,
916,2021.0,Grenada,,194,0.0,
917,2020.9,Grenada,,189,0.0,
918,2020.8,Grenada,,187,0.0,
919,2020.7,Grenada,,185,0.0,
920,2020.6,Grenada,,185,0.0,
921,2020.5,Grenada,,185,0.0,
922,2020.4,Grenada,,185,0.0,
923,2020.3,Grenada,,184,0.0,
924,2020.2,Grenada,,176,0.0,
925,2021.4,Guatemala,52170.25714285715,89,1703.3714285714286,
926,2021.3,Guatemala,1703.3714285714286,106,194.71428571428572,
927,2021.2,Guatemala,194.71428571428572,92,0.0,
928,2021.1,Guatemala,,206,0.0,
929,2021.0,Guatemala,,194,0.0,
930,2020.9,Guatemala,,189,0.0,
931,2020.8,Guatemala,,187,0.0,
932,2020.7,Guatemala,,185,0.0,
933,2020.6,Guatemala,,185,0.0,
934,2020.5,Guatemala,,185,0.0,
935,2020.4,Guatemala,,185,0.0,
936,2020.3,Guatemala,,184,0.0,
937,2020.2,Guatemala,,176,0.0,
938,2021.4,Guernsey,,215,952.6,
939,2021.3,Guernsey,952.6,112,187.6904761904762,
940,2021.2,Guernsey,187.6904761904762,93,308.48275862068965,
941,2021.1,Guernsey,308.48275862068965,53,0.0,
942,2021.4,Guinea,34180.885714285716,97,21826.485714285714,
943,2021.3,Guinea,21826.485714285714,77,63.142857142857146,
944,2021.2,Guinea,63.142857142857146,97,0.0,
945,2021.1,Guinea,,206,0.0,
946,2021.0,Guinea,,194,0.0,
947,2020.9,Guinea,,189,0.0,
948,2020.8,Guinea,,187,0.0,
949,2020.7,Guinea,,185,0.0,
950,2020.6,Guinea,,185,0.0,
951,2020.5,Guinea,,185,0.0,
952,2020.4,Guinea,,185,0.0,
953,2020.3,Guinea,,184,0.0,
954,2020.2,Guinea,,176,0.0,
955,2021.4,Guinea-Bissau,,215,0.0,
956,2021.3,Guinea-Bissau,,215,0.0,
957,2021.2,Guinea-Bissau,,211,0.0,
958,2021.1,Guinea-Bissau,,206,0.0,
959,2021.0,Guinea-Bissau,,194,0.0,
960,2020.9,Guinea-Bissau,,189,0.0,
961,2020.8,Guinea-Bissau,,187,0.0,
962,2020.7,Guinea-Bissau,,185,0.0,
963,2020.6,Guinea-Bissau,,185,0.0,
964,2020.5,Guinea-Bissau,,185,0.0,
965,2020.4,Guinea-Bissau,,185,0.0,
966,2020.3,Guinea-Bissau,,184,0.0,
967,2020.2,Guinea-Bissau,,176,0.0,
968,2021.4,Guyana,10517.171428571428,115,227.74285714285713,
969,2021.3,Guyana,227.74285714285713,125,0.0,
970,2021.2,Guyana,,211,0.0,
971,2021.1,Guyana,,206,0.0,
972,2021.0,Guyana,,194,0.0,
973,2020.9,Guyana,,189,0.0,
974,2020.8,Guyana,,187,0.0,
975,2020.7,Guyana,,185,0.0,
976,2020.6,Guyana,,185,0.0,
977,2020.5,Guyana,,185,0.0,
978,2020.4,Guyana,,185,0.0,
979,2020.3,Guyana,,184,0.0,
980,2020.2,Guyana,,176,0.0,
981,2021.4,Haiti,,215,0.0,
982,2021.3,Haiti,,215,0.0,
983,2021.2,Haiti,,211,0.0,
984,2021.1,Haiti,,206,0.0,
985,2021.0,Haiti,,194,0.0,
986,2020.9,Haiti,,189,0.0,
987,2020.8,Haiti,,187,0.0,
988,2020.7,Haiti,,185,0.0,
989,2020.6,Haiti,,185,0.0,
990,2020.5,Haiti,,185,0.0,
991,2020.4,Haiti,,185,0.0,
992,2020.3,Haiti,,184,0.0,
993,2020.2,Haiti,,176,0.0,
994,2021.4,Honduras,7482.257142857143,120,75.4,
995,2021.3,Honduras,75.4,132,0.0,
996,2021.2,Honduras,,211,0.0,
997,2021.1,Honduras,,206,0.0,
998,2021.0,Honduras,,194,0.0,
999,2020.9,Honduras,,189,0.0,
1000,2020.8,Honduras,,187,0.0,
1001,2020.7,Honduras,,185,0.0,
1002,2020.6,Honduras,,185,0.0,
1003,2020.5,Honduras,,185,0.0,
1004,2020.4,Honduras,,185,0.0,
1005,2020.3,Honduras,,184,0.0,
1006,2020.2,Honduras,,176,0.0,
1007,2021.4,Hong Kong,950322.6571428571,39,401066.3714285714,
1008,2021.3,Hong Kong,401066.3714285714,39,9545.357142857143,
1009,2021.2,Hong Kong,9545.357142857143,61,0.0,
1010,2021.1,Hong Kong,,206,0.0,
1011,2021.0,Hong Kong,,194,0.0,
1012,2020.9,Hong Kong,,189,0.0,
1013,2020.8,Hong Kong,,187,0.0,
1014,2020.7,Hong Kong,,185,0.0,
1015,2020.6,Hong Kong,,185,0.0,
1016,2020.5,Hong Kong,,185,0.0,
1017,2020.4,Hong Kong,,185,0.0,
1018,2020.3,Hong Kong,,184,0.0,
1019,2020.2,Hong Kong,,176,0.0,
1020,2020.1,Hong Kong,,32,0.0,
1021,2021.4,Hungary,2365983.657142857,22,1518716.3714285714,
1022,2021.3,Hungary,1518716.3714285714,18,438318.7619047619,
1023,2021.2,Hungary,438318.7619047619,21,82987.71428571429,
1024,2021.1,Hungary,82987.71428571429,21,0.0,
1025,2021.0,Hungary,,194,0.0,
1026,2020.9,Hungary,,189,0.0,
1027,2020.8,Hungary,,187,0.0,
1028,2020.7,Hungary,,185,0.0,
1029,2020.6,Hungary,,185,0.0,
1030,2020.5,Hungary,,185,0.0,
1031,2020.4,Hungary,,185,0.0,
1032,2020.3,Hungary,,184,0.0,
1033,2020.2,Hungary,,176,0.0,
1034,2021.4,Iceland,39202.31428571429,95,14023.371428571429,
1035,2021.3,Iceland,14023.371428571429,84,8379.666666666666,
1036,2021.2,Iceland,8379.666666666666,64,1971.5142857142857,
1037,2021.1,Iceland,1971.5142857142857,46,0.0,
1038,2021.0,Iceland,,194,0.0,
1039,2020.9,Iceland,,189,0.0,
1040,2020.8,Iceland,,187,0.0,
1041,2020.7,Iceland,,185,0.0,
1042,2020.6,Iceland,,185,0.0,
1043,2020.5,Iceland,,185,0.0,
1044,2020.4,Iceland,,185,0.0,
1045,2020.3,Iceland,,184,0.0,
1046,2020.2,Iceland,,176,0.0,
1047,2021.4,India,41309216.8,2,18925391.514285713,
1048,2021.3,India,18925391.514285713,2,5800046.476190476,
1049,2021.2,India,5800046.476190476,2,106305.62857142858,
1050,2021.1,India,106305.62857142858,16,0.0,
1051,2021.0,India,,194,0.0,
1052,2020.9,India,,189,0.0,
1053,2020.8,India,,187,0.0,
1054,2020.7,India,,185,0.0,
1055,2020.6,India,,185,0.0,
1056,2020.5,India,,185,0.0,
1057,2020.4,India,,185,0.0,
1058,2020.3,India,,184,0.0,
1059,2020.2,India,,176,0.0,
1060,2020.1,India,,32,0.0,
1061,2021.4,Indonesia,7732739.914285715,11,4534899.857142857,
1062,2021.3,Indonesia,4534899.857142857,13,1527014.5,
1063,2021.2,Indonesia,1527014.5,11,158427.54285714286,
1064,2021.1,Indonesia,158427.54285714286,13,0.0,
1065,2021.0,Indonesia,,194,0.0,
1066,2020.9,Indonesia,,189,0.0,
1067,2020.8,Indonesia,,187,0.0,
1068,2020.7,Indonesia,,185,0.0,
1069,2020.6,Indonesia,,185,0.0,
1070,2020.5,Indonesia,,185,0.0,
1071,2020.4,Indonesia,,185,0.0,
1072,2020.3,Indonesia,,184,0.0,
1073,2020.2,Indonesia,,176,0.0,
1074,2021.4,Iran,48093.97142857143,91,46204.08571428571,
1075,2021.3,Iran,46204.08571428571,67,0.0,
1076,2021.2,Iran,,211,0.0,
1077,2021.1,Iran,,206,0.0,
1078,2021.0,Iran,,194,0.0,
1079,2020.9,Iran,,189,0.0,
1080,2020.8,Iran,,187,0.0,
1081,2020.7,Iran,,185,0.0,
1082,2020.6,Iran,,185,0.0,
1083,2020.5,Iran,,185,0.0,
1084,2020.4,Iran,,185,0.0,
1085,2020.3,Iran,,184,0.0,
1086,2020.2,Iran,,176,0.0,
1087,2021.4,Iraq,4757.685714285714,131,0.0,
1088,2021.3,Iraq,,215,0.0,
1089,2021.2,Iraq,,211,0.0,
1090,2021.1,Iraq,,206,0.0,
1091,2021.0,Iraq,,194,0.0,
1092,2020.9,Iraq,,189,0.0,
1093,2020.8,Iraq,,187,0.0,
1094,2020.7,Iraq,,185,0.0,
1095,2020.6,Iraq,,185,0.0,
1096,2020.5,Iraq,,185,0.0,
1097,2020.4,Iraq,,185,0.0,
1098,2020.3,Iraq,,184,0.0,
1099,2020.2,Iraq,,176,0.0,
1100,2021.4,Ireland,29167.428571428572,99,321729.4857142857,
1101,2021.3,Ireland,321729.4857142857,42,170974.7619047619,
1102,2021.2,Ireland,170974.7619047619,32,48201.28571428572,
1103,2021.1,Ireland,48201.28571428572,24,0.0,
1104,2021.0,Ireland,,194,0.0,
1105,2020.9,Ireland,,189,0.0,
1106,2020.8,Ireland,,187,0.0,
1107,2020.7,Ireland,,185,0.0,
1108,2020.6,Ireland,,185,0.0,
1109,2020.5,Ireland,,185,0.0,
1110,2020.4,Ireland,,185,0.0,
1111,2020.3,Ireland,,184,0.0,
1112,2020.2,Ireland,,176,0.0,
1113,2021.4,Isle of Man,11644.90322580645,110,13342.228571428572,
1114,2021.3,Isle of Man,13342.228571428572,85,7327.166666666667,
1115,2021.2,Isle of Man,7327.166666666667,65,1550.65625,
1116,2021.1,Isle of Man,1550.65625,47,0.0,
1117,2021.5,Israel,,1,5121586.114285714,
1118,2021.4,Israel,5121586.114285714,16,4998519.085714285,
1119,2021.3,Israel,4998519.085714285,11,4150826.761904762,
1120,2021.2,Israel,4150826.761904762,3,1938144.0285714285,
1121,2021.1,Israel,1938144.0285714285,2,28562.97619047619,
1122,2021.0,Israel,28562.97619047619,3,0.0,
1123,2020.9,Israel,,189,0.0,
1124,2020.8,Israel,,187,0.0,
1125,2020.7,Israel,,185,0.0,
1126,2020.6,Israel,,185,0.0,
1127,2020.5,Israel,,185,0.0,
1128,2020.4,Israel,,185,0.0,
1129,2020.3,Israel,,184,0.0,
1130,2020.2,Israel,,176,0.0,
1131,2021.4,Italy,11062938.971428571,8,5142045.914285715,
1132,2021.3,Italy,5142045.914285715,10,2212878.619047619,
1133,2021.2,Italy,2212878.619047619,8,808480.0571428571,
1134,2021.1,Italy,808480.0571428571,4,70.26190476190476,
1135,2021.0,Italy,70.26190476190476,9,0.0,
1136,2020.9,Italy,,189,0.0,
1137,2020.8,Italy,,187,0.0,
1138,2020.7,Italy,,185,0.0,
1139,2020.6,Italy,,185,0.0,
1140,2020.5,Italy,,185,0.0,
1141,2020.4,Italy,,185,0.0,
1142,2020.3,Italy,,184,0.0,
1143,2020.2,Italy,,176,0.0,
1144,2020.1,Italy,,32,0.0,
1145,2021.4,Jamaica,1881.0,141,0.0,
1146,2021.3,Jamaica,,215,0.0,
1147,2021.2,Jamaica,,211,0.0,
1148,2021.1,Jamaica,,206,0.0,
1149,2021.0,Jamaica,,194,0.0,
1150,2020.9,Jamaica,,189,0.0,
1151,2020.8,Jamaica,,187,0.0,
1152,2020.7,Jamaica,,185,0.0,
1153,2020.6,Jamaica,,185,0.0,
1154,2020.5,Jamaica,,185,0.0,
1155,2020.4,Jamaica,,185,0.0,
1156,2020.3,Jamaica,,184,0.0,
1157,2020.2,Jamaica,,176,0.0,
1158,2021.4,Japan,2262870.057142857,23,437308.1142857143,
1159,2021.3,Japan,437308.1142857143,37,20978.666666666668,
1160,2021.2,Japan,20978.666666666668,52,0.0,
1161,2021.1,Japan,,206,0.0,
1162,2021.0,Japan,,194,0.0,
1163,2020.9,Japan,,189,0.0,
1164,2020.8,Japan,,187,0.0,
1165,2020.7,Japan,,185,0.0,
1166,2020.6,Japan,,185,0.0,
1167,2020.5,Japan,,185,0.0,
1168,2020.4,Japan,,185,0.0,
1169,2020.3,Japan,,184,0.0,
1170,2020.2,Japan,,176,0.0,
1171,2020.1,Japan,,32,0.0,
1172,2021.4,Jersey,12714.285714285714,106,3396.9142857142856,
1173,2021.3,Jersey,3396.9142857142856,99,2379.2272727272725,
1174,2021.2,Jersey,2379.2272727272725,73,0.0,
1175,2021.4,Jordan,139560.4,73,24944.14285714286,
1176,2021.3,Jordan,24944.14285714286,75,8746.690476190477,
1177,2021.2,Jordan,8746.690476190477,62,0.0,
1178,2021.1,Jordan,,206,0.0,
1179,2021.0,Jordan,,194,0.0,
1180,2020.9,Jordan,,189,0.0,
1181,2020.8,Jordan,,187,0.0,
1182,2020.7,Jordan,,185,0.0,
1183,2020.6,Jordan,,185,0.0,
1184,2020.5,Jordan,,185,0.0,
1185,2020.4,Jordan,,185,0.0,
1186,2020.3,Jordan,,184,0.0,
1187,2020.2,Jordan,,176,0.0,
1188,2021.4,Kazakhstan,869644.9142857143,41,71894.17142857143,
1189,2021.3,Kazakhstan,71894.17142857143,62,956.9285714285714,
1190,2021.2,Kazakhstan,956.9285714285714,82,0.0,
1191,2021.1,Kazakhstan,,206,0.0,
1192,2021.0,Kazakhstan,,194,0.0,
1193,2020.9,Kazakhstan,,189,0.0,
1194,2020.8,Kazakhstan,,187,0.0,
1195,2020.7,Kazakhstan,,185,0.0,
1196,2020.6,Kazakhstan,,185,0.0,
1197,2020.5,Kazakhstan,,185,0.0,
1198,2020.4,Kazakhstan,,185,0.0,
1199,2020.3,Kazakhstan,,184,0.0,
1200,2020.2,Kazakhstan,,176,0.0,
1201,2021.4,Kenya,12103.028571428571,108,0.0,
1202,2021.3,Kenya,,215,0.0,
1203,2021.2,Kenya,,211,0.0,
1204,2021.1,Kenya,,206,0.0,
1205,2021.0,Kenya,,194,0.0,
1206,2020.9,Kenya,,189,0.0,
1207,2020.8,Kenya,,187,0.0,
1208,2020.7,Kenya,,185,0.0,
1209,2020.6,Kenya,,185,0.0,
1210,2020.5,Kenya,,185,0.0,
1211,2020.4,Kenya,,185,0.0,
1212,2020.3,Kenya,,184,0.0,
1213,2020.2,Kenya,,176,0.0,
1214,2021.4,Kiribati,,215,0.0,
1215,2021.4,Kosovo,,215,0.0,
1216,2021.3,Kosovo,,215,0.0,
1217,2021.2,Kosovo,,211,0.0,
1218,2021.1,Kosovo,,206,0.0,
1219,2021.0,Kosovo,,194,0.0,
1220,2020.9,Kosovo,,189,0.0,
1221,2020.8,Kosovo,,187,0.0,
1222,2020.7,Kosovo,,185,0.0,
1223,2020.6,Kosovo,,185,0.0,
1224,2020.5,Kosovo,,185,0.0,
1225,2020.4,Kosovo,,185,0.0,
1226,2020.3,Kosovo,,184,0.0,
1227,2020.2,Kosovo,,176,0.0,
1228,2021.4,Kuwait,,215,1085.7142857142858,
1229,2021.3,Kuwait,1085.7142857142858,111,2714.285714285714,
1230,2021.2,Kuwait,2714.285714285714,72,1085.7142857142858,
1231,2021.1,Kuwait,1085.7142857142858,50,0.0,
1232,2021.0,Kuwait,,194,0.0,
1233,2020.9,Kuwait,,189,0.0,
1234,2020.8,Kuwait,,187,0.0,
1235,2020.7,Kuwait,,185,0.0,
1236,2020.6,Kuwait,,185,0.0,
1237,2020.5,Kuwait,,185,0.0,
1238,2020.4,Kuwait,,185,0.0,
1239,2020.3,Kuwait,,184,0.0,
1240,2020.2,Kuwait,,176,0.0,
1241,2021.4,Kyrgyzstan,1526.0,146,24.514285714285716,
1242,2021.3,Kyrgyzstan,24.514285714285716,134,0.0,
1243,2021.2,Kyrgyzstan,,211,0.0,
1244,2021.1,Kyrgyzstan,,206,0.0,
1245,2021.0,Kyrgyzstan,,194,0.0,
1246,2020.9,Kyrgyzstan,,189,0.0,
1247,2020.8,Kyrgyzstan,,187,0.0,
1248,2020.7,Kyrgyzstan,,185,0.0,
1249,2020.6,Kyrgyzstan,,185,0.0,
1250,2020.5,Kyrgyzstan,,185,0.0,
1251,2020.4,Kyrgyzstan,,185,0.0,
1252,2020.3,Kyrgyzstan,,184,0.0,
1253,2020.2,Kyrgyzstan,,176,0.0,
1254,2021.4,Laos,135983.4,74,9280.942857142858,
1255,2021.3,Laos,9280.942857142858,89,0.0,
1256,2021.2,Laos,,211,0.0,
1257,2021.1,Laos,,206,0.0,
1258,2021.0,Laos,,194,0.0,
1259,2020.9,Laos,,189,0.0,
1260,2020.8,Laos,,187,0.0,
1261,2020.7,Laos,,185,0.0,
1262,2020.6,Laos,,185,0.0,
1263,2020.5,Laos,,185,0.0,
1264,2020.4,Laos,,185,0.0,
1265,2020.3,Laos,,184,0.0,
1266,2020.2,Laos,,176,0.0,
1267,2021.4,Latvia,243687.2,65,41843.114285714284,
1268,2021.3,Latvia,41843.114285714284,68,19480.64285714286,
1269,2021.2,Latvia,19480.64285714286,53,10187.028571428571,
1270,2021.1,Latvia,10187.028571428571,35,0.16666666666666666,
1271,2021.0,Latvia,0.16666666666666666,24,0.0,
1272,2020.9,Latvia,,189,0.0,
1273,2020.8,Latvia,,187,0.0,
1274,2020.7,Latvia,,185,0.0,
1275,2020.6,Latvia,,185,0.0,
1276,2020.5,Latvia,,185,0.0,
1277,2020.4,Latvia,,185,0.0,
1278,2020.3,Latvia,,184,0.0,
1279,2020.2,Latvia,,176,0.0,
1280,2020.1,Latvia,,32,0.0,
1281,2021.4,Lebanon,224858.0,67,109414.0,
1282,2021.3,Lebanon,109414.0,57,31570.904761904763,
1283,2021.2,Lebanon,31570.904761904763,49,0.0,
1284,2021.1,Lebanon,,206,0.0,
1285,2021.0,Lebanon,,194,0.0,
1286,2020.9,Lebanon,,189,0.0,
1287,2020.8,Lebanon,,187,0.0,
1288,2020.7,Lebanon,,185,0.0,
1289,2020.6,Lebanon,,185,0.0,
1290,2020.5,Lebanon,,185,0.0,
1291,2020.4,Lebanon,,185,0.0,
1292,2020.3,Lebanon,,184,0.0,
1293,2020.2,Lebanon,,176,0.0,
1294,2021.4,Lesotho,3.4857142857142858,176,0.0,
1295,2021.3,Lesotho,,215,0.0,
1296,2021.2,Lesotho,,211,0.0,
1297,2021.1,Lesotho,,206,0.0,
1298,2021.0,Lesotho,,194,0.0,
1299,2020.9,Lesotho,,189,0.0,
1300,2020.8,Lesotho,,187,0.0,
1301,2020.7,Lesotho,,185,0.0,
1302,2020.6,Lesotho,,185,0.0,
1303,2020.5,Lesotho,,185,0.0,
1304,2020.4,Lesotho,,185,0.0,
1305,2021.4,Liberia,17.34285714285714,175,0.0,
1306,2021.3,Liberia,,215,0.0,
1307,2021.2,Liberia,,211,0.0,
1308,2021.1,Liberia,,206,0.0,
1309,2021.0,Liberia,,194,0.0,
1310,2020.9,Liberia,,189,0.0,
1311,2020.8,Liberia,,187,0.0,
1312,2020.7,Liberia,,185,0.0,
1313,2020.6,Liberia,,185,0.0,
1314,2020.5,Liberia,,185,0.0,
1315,2020.4,Liberia,,185,0.0,
1316,2020.3,Liberia,,184,0.0,
1317,2020.2,Liberia,,176,0.0,
1318,2021.4,Libya,,215,0.0,
1319,2021.3,Libya,,215,0.0,
1320,2021.2,Libya,,211,0.0,
1321,2021.1,Libya,,206,0.0,
1322,2021.0,Libya,,194,0.0,
1323,2020.9,Libya,,189,0.0,
1324,2020.8,Libya,,187,0.0,
1325,2020.7,Libya,,185,0.0,
1326,2020.6,Libya,,185,0.0,
1327,2020.5,Libya,,185,0.0,
1328,2020.4,Libya,,185,0.0,
1329,2020.3,Libya,,184,0.0,
1330,2020.2,Libya,,176,0.0,
1331,2021.4,Liechtenstein,6982.2,123,3509.7428571428572,
1332,2021.3,Liechtenstein,3509.7428571428572,97,1210.0238095238096,
1333,2021.2,Liechtenstein,1210.0238095238096,79,141.02857142857144,
1334,2021.1,Liechtenstein,141.02857142857144,56,0.0,
1335,2021.0,Liechtenstein,,194,0.0,
1336,2020.9,Liechtenstein,,189,0.0,
1337,2020.8,Liechtenstein,,187,0.0,
1338,2020.7,Liechtenstein,,185,0.0,
1339,2020.6,Liechtenstein,,185,0.0,
1340,2020.5,Liechtenstein,,185,0.0,
1341,2020.4,Liechtenstein,,185,0.0,
1342,2020.3,Liechtenstein,,184,0.0,
1343,2020.2,Liechtenstein,,176,0.0,
1344,2021.4,Lithuania,579479.4,48,252625.3142857143,
1345,2021.3,Lithuania,252625.3142857143,43,113061.04761904762,
1346,2021.2,Lithuania,113061.04761904762,34,35641.91428571429,
1347,2021.1,Lithuania,35641.91428571429,26,25.976190476190474,
1348,2021.0,Lithuania,25.976190476190474,12,0.0,
1349,2020.9,Lithuania,,189,0.0,
1350,2020.8,Lithuania,,187,0.0,
1351,2020.7,Lithuania,,185,0.0,
1352,2020.6,Lithuania,,185,0.0,
1353,2020.5,Lithuania,,185,0.0,
1354,2020.4,Lithuania,,185,0.0,
1355,2020.3,Lithuania,,184,0.0,
1356,2020.2,Lithuania,,176,0.0,
1357,2021.4,Luxembourg,62232.45714285714,81,32380.657142857144,
1358,2021.3,Luxembourg,32380.657142857144,72,10348.261904761905,
1359,2021.2,Luxembourg,10348.261904761905,58,2249.057142857143,
1360,2021.1,Luxembourg,2249.057142857143,45,0.0,
1361,2021.0,Luxembourg,,194,0.0,
1362,2020.9,Luxembourg,,189,0.0,
1363,2020.8,Luxembourg,,187,0.0,
1364,2020.7,Luxembourg,,185,0.0,
1365,2020.6,Luxembourg,,185,0.0,
1366,2020.5,Luxembourg,,185,0.0,
1367,2020.4,Luxembourg,,185,0.0,
1368,2020.3,Luxembourg,,184,0.0,
1369,2020.2,Luxembourg,,176,0.0,
1370,2021.4,Macao,58430.97142857143,88,29291.257142857143,
1371,2021.3,Macao,29291.257142857143,74,0.0,
1372,2021.2,Macao,,211,0.0,
1373,2021.1,Macao,,206,0.0,
1374,2021.4,Madagascar,,215,0.0,
1375,2021.3,Madagascar,,215,0.0,
1376,2021.2,Madagascar,,211,0.0,
1377,2021.1,Madagascar,,206,0.0,
1378,2021.0,Madagascar,,194,0.0,
1379,2020.9,Madagascar,,189,0.0,
1380,2020.8,Madagascar,,187,0.0,
1381,2020.7,Madagascar,,185,0.0,
1382,2020.6,Madagascar,,185,0.0,
1383,2020.5,Madagascar,,185,0.0,
1384,2020.4,Madagascar,,185,0.0,
1385,2020.3,Madagascar,,184,0.0,
1386,2020.2,Madagascar,,176,0.0,
1387,2021.4,Malawi,543.6571428571428,163,0.0,
1388,2021.3,Malawi,,215,0.0,
1389,2021.2,Malawi,,211,0.0,
1390,2021.1,Malawi,,206,0.0,
1391,2021.0,Malawi,,194,0.0,
1392,2020.9,Malawi,,189,0.0,
1393,2020.8,Malawi,,187,0.0,
1394,2020.7,Malawi,,185,0.0,
1395,2020.6,Malawi,,185,0.0,
1396,2020.5,Malawi,,185,0.0,
1397,2020.4,Malawi,,185,0.0,
1398,2020.3,Malawi,,184,0.0,
1399,2020.2,Malawi,,176,0.0,
1400,2021.4,Malaysia,737913.6285714286,45,474384.45714285714,
1401,2021.3,Malaysia,474384.45714285714,34,54084.69047619047,
1402,2021.2,Malaysia,54084.69047619047,44,0.0,
1403,2021.1,Malaysia,,206,0.0,
1404,2021.0,Malaysia,,194,0.0,
1405,2020.9,Malaysia,,189,0.0,
1406,2020.8,Malaysia,,187,0.0,
1407,2020.7,Malaysia,,185,0.0,
1408,2020.6,Malaysia,,185,0.0,
1409,2020.5,Malaysia,,185,0.0,
1410,2020.4,Malaysia,,185,0.0,
1411,2020.3,Malaysia,,184,0.0,
1412,2020.2,Malaysia,,176,0.0,
1413,2020.1,Malaysia,,32,0.0,
1414,2021.4,Maldives,146264.62857142856,72,63410.171428571426,
1415,2021.3,Maldives,63410.171428571426,63,129.95238095238096,
1416,2021.2,Maldives,129.95238095238096,95,0.0,
1417,2021.1,Maldives,,206,0.0,
1418,2021.0,Maldives,,194,0.0,
1419,2020.9,Maldives,,189,0.0,
1420,2020.8,Maldives,,187,0.0,
1421,2020.7,Maldives,,185,0.0,
1422,2020.6,Maldives,,185,0.0,
1423,2020.5,Maldives,,185,0.0,
1424,2020.4,Maldives,,185,0.0,
1425,2020.3,Maldives,,184,0.0,
1426,2020.2,Maldives,,176,0.0,
1427,2021.4,Mali,4893.542857142857,130,0.0,
1428,2021.3,Mali,,215,0.0,
1429,2021.2,Mali,,211,0.0,
1430,2021.1,Mali,,206,0.0,
1431,2021.0,Mali,,194,0.0,
1432,2020.9,Mali,,189,0.0,
1433,2020.8,Mali,,187,0.0,
1434,2020.7,Mali,,185,0.0,
1435,2020.6,Mali,,185,0.0,
1436,2020.5,Mali,,185,0.0,
1437,2020.4,Mali,,185,0.0,
1438,2020.3,Mali,,184,0.0,
1439,2020.2,Mali,,176,0.0,
1440,2021.4,Malta,186879.08571428573,69,92419.54285714286,
1441,2021.3,Malta,92419.54285714286,61,39824.0,
1442,2021.2,Malta,39824.0,47,8440.114285714286,
1443,2021.1,Malta,8440.114285714286,38,0.0,
1444,2021.0,Malta,,194,0.0,
1445,2020.9,Malta,,189,0.0,
1446,2020.8,Malta,,187,0.0,
1447,2020.7,Malta,,185,0.0,
1448,2020.6,Malta,,185,0.0,
1449,2020.5,Malta,,185,0.0,
1450,2020.4,Malta,,185,0.0,
1451,2020.3,Malta,,184,0.0,
1452,2020.2,Malta,,176,0.0,
1453,2020.1,Malta,,32,0.0,
1454,2021.4,Marshall Islands,,215,0.0,
1455,2021.3,Marshall Islands,,215,0.0,
1456,2021.2,Marshall Islands,,211,0.0,
1457,2021.1,Marshall Islands,,206,0.0,
1458,2021.0,Marshall Islands,,194,0.0,
1459,2020.9,Marshall Islands,,189,0.0,
1460,2020.8,Marshall Islands,,187,0.0,
1461,2021.4,Mauritania,932.2285714285714,154,0.0,
1462,2021.3,Mauritania,,215,0.0,
1463,2021.2,Mauritania,,211,0.0,
1464,2021.1,Mauritania,,206,0.0,
1465,2021.0,Mauritania,,194,0.0,
1466,2020.9,Mauritania,,189,0.0,
1467,2020.8,Mauritania,,187,0.0,
1468,2020.7,Mauritania,,185,0.0,
1469,2020.6,Mauritania,,185,0.0,
1470,2020.5,Mauritania,,185,0.0,
1471,2020.4,Mauritania,,185,0.0,
1472,2020.3,Mauritania,,184,0.0,
1473,2020.2,Mauritania,,176,0.0,
1474,2021.4,Mauritius,10976.028571428571,112,0.0,
1475,2021.3,Mauritius,,215,0.0,
1476,2021.2,Mauritius,,211,0.0,
1477,2021.1,Mauritius,,206,0.0,
1478,2021.0,Mauritius,,194,0.0,
1479,2020.9,Mauritius,,189,0.0,
1480,2020.8,Mauritius,,187,0.0,
1481,2020.7,Mauritius,,185,0.0,
1482,2020.6,Mauritius,,185,0.0,
1483,2020.5,Mauritius,,185,0.0,
1484,2020.4,Mauritius,,185,0.0,
1485,2020.3,Mauritius,,184,0.0,
1486,2020.2,Mauritius,,176,0.0,
1487,2021.4,Mexico,9915429.17142857,10,4794185.085714285,
1488,2021.3,Mexico,4794185.085714285,12,534826.6666666666,
1489,2021.2,Mexico,534826.6666666666,19,79325.8,
1490,2021.1,Mexico,79325.8,22,181.26190476190476,
1491,2021.0,Mexico,181.26190476190476,8,0.0,
1492,2020.9,Mexico,,189,0.0,
1493,2020.8,Mexico,,187,0.0,
1494,2020.7,Mexico,,185,0.0,
1495,2020.6,Mexico,,185,0.0,
1496,2020.5,Mexico,,185,0.0,
1497,2020.4,Mexico,,185,0.0,
1498,2020.3,Mexico,,184,0.0,
1499,2020.2,Mexico,,176,0.0,
1500,2020.1,Mexico,,32,0.0,
1501,2021.4,Micronesia (country),,215,0.0,
1502,2021.3,Micronesia (country),,215,0.0,
1503,2021.2,Micronesia (country),,211,0.0,
1504,2021.1,Micronesia (country),,206,0.0,
1505,2021.4,Moldova,59861.91428571429,84,7181.971428571429,
1506,2021.3,Moldova,7181.971428571429,92,0.0,
1507,2021.2,Moldova,,211,0.0,
1508,2021.1,Moldova,,206,0.0,
1509,2021.0,Moldova,,194,0.0,
1510,2020.9,Moldova,,189,0.0,
1511,2020.8,Moldova,,187,0.0,
1512,2020.7,Moldova,,185,0.0,
1513,2020.6,Moldova,,185,0.0,
1514,2020.5,Moldova,,185,0.0,
1515,2020.4,Moldova,,185,0.0,
1516,2020.3,Moldova,,184,0.0,
1517,2020.2,Moldova,,176,0.0,
1518,2021.4,Monaco,1591.4571428571428,144,1323.1142857142856,
1519,2021.3,Monaco,1323.1142857142856,110,578.3095238095239,
1520,2021.2,Monaco,578.3095238095239,88,0.0,
1521,2021.1,Monaco,,206,0.0,
1522,2021.0,Monaco,,194,0.0,
1523,2020.9,Monaco,,189,0.0,
1524,2020.8,Monaco,,187,0.0,
1525,2020.7,Monaco,,185,0.0,
1526,2020.6,Monaco,,185,0.0,
1527,2020.5,Monaco,,185,0.0,
1528,2020.4,Monaco,,185,0.0,
1529,2020.3,Monaco,,184,0.0,
1530,2020.2,Monaco,,176,0.0,
1531,2021.4,Mongolia,1005271.3714285714,36,175668.48571428572,
1532,2021.3,Mongolia,175668.48571428572,45,0.0,
1533,2021.2,Mongolia,,211,0.0,
1534,2021.1,Mongolia,,206,0.0,
1535,2021.0,Mongolia,,194,0.0,
1536,2020.9,Mongolia,,189,0.0,
1537,2020.8,Mongolia,,187,0.0,
1538,2020.7,Mongolia,,185,0.0,
1539,2020.6,Mongolia,,185,0.0,
1540,2020.5,Mongolia,,185,0.0,
1541,2020.4,Mongolia,,185,0.0,
1542,2020.3,Mongolia,,184,0.0,
1543,2020.2,Mongolia,,176,0.0,
1544,2021.4,Montenegro,59333.91428571429,86,15539.771428571428,
1545,2021.3,Montenegro,15539.771428571428,82,759.5238095238095,
1546,2021.2,Montenegro,759.5238095238095,86,0.0,
1547,2021.1,Montenegro,,206,0.0,
1548,2021.0,Montenegro,,194,0.0,
1549,2020.9,Montenegro,,189,0.0,
1550,2020.8,Montenegro,,187,0.0,
1551,2020.7,Montenegro,,185,0.0,
1552,2020.6,Montenegro,,185,0.0,
1553,2020.5,Montenegro,,185,0.0,
1554,2020.4,Montenegro,,185,0.0,
1555,2020.3,Montenegro,,184,0.0,
1556,2020.2,Montenegro,,176,0.0,
1557,2021.4,Montserrat,118.42105263157895,173,30.942857142857143,
1558,2021.3,Montserrat,30.942857142857143,133,12.142857142857142,
1559,2021.2,Montserrat,12.142857142857142,101,0.0,
1560,2021.1,Montserrat,,206,0.0,
1561,2021.4,Morocco,3691516.4857142856,17,3235906.8,
1562,2021.3,Morocco,3235906.8,14,1406462.619047619,
1563,2021.2,Morocco,1406462.619047619,12,524.0857142857143,
1564,2021.1,Morocco,524.0857142857143,52,0.0,
1565,2021.0,Morocco,,194,0.0,
1566,2020.9,Morocco,,189,0.0,
1567,2020.8,Morocco,,187,0.0,
1568,2020.7,Morocco,,185,0.0,
1569,2020.6,Morocco,,185,0.0,
1570,2020.5,Morocco,,185,0.0,
1571,2020.4,Morocco,,185,0.0,
1572,2020.3,Morocco,,184,0.0,
1573,2020.2,Morocco,,176,0.0,
1574,2020.1,Morocco,,32,0.0,
1575,2021.4,Mozambique,8090.6,119,0.0,
1576,2021.3,Mozambique,,215,0.0,
1577,2021.2,Mozambique,,211,0.0,
1578,2021.1,Mozambique,,206,0.0,
1579,2021.0,Mozambique,,194,0.0,
1580,2020.9,Mozambique,,189,0.0,
1581,2020.8,Mozambique,,187,0.0,
1582,2020.7,Mozambique,,185,0.0,
1583,2020.6,Mozambique,,185,0.0,
1584,2020.5,Mozambique,,185,0.0,
1585,2020.4,Mozambique,,185,0.0,
1586,2020.3,Mozambique,,184,0.0,
1587,2020.2,Mozambique,,176,0.0,
1588,2021.4,Myanmar,34934.94285714286,96,32977.45714285714,
1589,2021.3,Myanmar,32977.45714285714,71,952.3809523809524,
1590,2021.2,Myanmar,952.3809523809524,83,0.0,
1591,2021.1,Myanmar,,206,0.0,
1592,2021.0,Myanmar,,194,0.0,
1593,2020.9,Myanmar,,189,0.0,
1594,2020.8,Myanmar,,187,0.0,
1595,2020.7,Myanmar,,185,0.0,
1596,2020.6,Myanmar,,185,0.0,
1597,2020.5,Myanmar,,185,0.0,
1598,2020.4,Myanmar,,185,0.0,
1599,2020.3,Myanmar,,184,0.0,
1600,2020.2,Myanmar,,176,0.0,
1601,2021.4,Namibia,7214.742857142857,122,503.0,
1602,2021.3,Namibia,503.0,118,0.0,
1603,2021.2,Namibia,,211,0.0,
1604,2021.1,Namibia,,206,0.0,
1605,2021.0,Namibia,,194,0.0,
1606,2020.9,Namibia,,189,0.0,
1607,2020.8,Namibia,,187,0.0,
1608,2020.7,Namibia,,185,0.0,
1609,2020.6,Namibia,,185,0.0,
1610,2020.5,Namibia,,185,0.0,
1611,2020.4,Namibia,,185,0.0,
1612,2020.3,Namibia,,184,0.0,
1613,2020.2,Namibia,,176,0.0,
1614,2021.4,Nauru,,215,0.0,
1615,2021.3,Nauru,,215,0.0,
1616,2021.4,Nepal,279761.5142857143,63,10342.885714285714,
1617,2021.3,Nepal,10342.885714285714,88,0.0,
1618,2021.2,Nepal,,211,0.0,
1619,2021.1,Nepal,,206,0.0,
1620,2021.0,Nepal,,194,0.0,
1621,2020.9,Nepal,,189,0.0,
1622,2020.8,Nepal,,187,0.0,
1623,2020.7,Nepal,,185,0.0,
1624,2020.6,Nepal,,185,0.0,
1625,2020.5,Nepal,,185,0.0,
1626,2020.4,Nepal,,185,0.0,
1627,2020.3,Nepal,,184,0.0,
1628,2020.2,Nepal,,176,0.0,
1629,2020.1,Nepal,,32,0.0,
1630,2021.4,Netherlands,435305.65714285715,50,166818.45714285714,
1631,2021.3,Netherlands,166818.45714285714,50,73647.11904761905,
1632,2021.2,Netherlands,73647.11904761905,40,8223.657142857142,
1633,2021.1,Netherlands,8223.657142857142,39,0.0,
1634,2021.0,Netherlands,,194,0.0,
1635,2020.9,Netherlands,,189,0.0,
1636,2020.8,Netherlands,,187,0.0,
1637,2020.7,Netherlands,,185,0.0,
1638,2020.6,Netherlands,,185,0.0,
1639,2020.5,Netherlands,,185,0.0,
1640,2020.4,Netherlands,,185,0.0,
1641,2020.3,Netherlands,,184,0.0,
1642,2020.2,Netherlands,,176,0.0,
1643,2021.4,New Caledonia,6500.733333333334,126,2892.9142857142856,
1644,2021.3,New Caledonia,2892.9142857142856,101,474.8809523809524,
1645,2021.2,New Caledonia,474.8809523809524,89,13.6,
1646,2021.1,New Caledonia,13.6,61,0.0,
1647,2021.4,New Zealand,166562.91428571427,71,54371.885714285716,
1648,2021.3,New Zealand,54371.885714285716,65,4338.857142857143,
1649,2021.2,New Zealand,4338.857142857143,67,0.0,
1650,2021.1,New Zealand,,206,0.0,
1651,2021.0,New Zealand,,194,0.0,
1652,2020.9,New Zealand,,189,0.0,
1653,2020.8,New Zealand,,187,0.0,
1654,2020.7,New Zealand,,185,0.0,
1655,2020.6,New Zealand,,185,0.0,
1656,2020.5,New Zealand,,185,0.0,
1657,2020.4,New Zealand,,185,0.0,
1658,2020.3,New Zealand,,184,0.0,
1659,2020.2,New Zealand,,176,0.0,
1660,2021.4,Nicaragua,,215,0.0,
1661,2021.3,Nicaragua,,215,0.0,
1662,2021.2,Nicaragua,,211,0.0,
1663,2021.1,Nicaragua,,206,0.0,
1664,2021.0,Nicaragua,,194,0.0,
1665,2020.9,Nicaragua,,189,0.0,
1666,2020.8,Nicaragua,,187,0.0,
1667,2020.7,Nicaragua,,185,0.0,
1668,2020.6,Nicaragua,,185,0.0,
1669,2020.5,Nicaragua,,185,0.0,
1670,2020.4,Nicaragua,,185,0.0,
1671,2020.3,Nicaragua,,184,0.0,
1672,2020.2,Nicaragua,,176,0.0,
1673,2021.4,Niger,847.8857142857142,158,0.0,
1674,2021.3,Niger,,215,0.0,
1675,2021.2,Niger,,211,0.0,
1676,2021.1,Niger,,206,0.0,
1677,2021.0,Niger,,194,0.0,
1678,2020.9,Niger,,189,0.0,
1679,2020.8,Niger,,187,0.0,
1680,2020.7,Niger,,185,0.0,
1681,2020.6,Niger,,185,0.0,
1682,2020.5,Niger,,185,0.0,
1683,2020.4,Niger,,185,0.0,
1684,2020.3,Niger,,184,0.0,
1685,2020.2,Niger,,176,0.0,
1686,2021.4,Nigeria,21641.885714285716,103,0.0,
1687,2021.3,Nigeria,,215,0.0,
1688,2021.2,Nigeria,,211,0.0,
1689,2021.1,Nigeria,,206,0.0,
1690,2021.0,Nigeria,,194,0.0,
1691,2020.9,Nigeria,,189,0.0,
1692,2020.8,Nigeria,,187,0.0,
1693,2020.7,Nigeria,,185,0.0,
1694,2020.6,Nigeria,,185,0.0,
1695,2020.5,Nigeria,,185,0.0,
1696,2020.4,Nigeria,,185,0.0,
1697,2020.3,Nigeria,,184,0.0,
1698,2020.2,Nigeria,,176,0.0,
1699,2021.4,North Macedonia,58839.8,87,0.0,
1700,2021.3,North Macedonia,,215,0.0,
1701,2021.2,North Macedonia,,211,0.0,
1702,2021.1,North Macedonia,,206,0.0,
1703,2021.0,North Macedonia,,194,0.0,
1704,2020.9,North Macedonia,,189,0.0,
1705,2020.8,North Macedonia,,187,0.0,
1706,2020.7,North Macedonia,,185,0.0,
1707,2020.6,North Macedonia,,185,0.0,
1708,2020.5,North Macedonia,,185,0.0,
1709,2020.4,North Macedonia,,185,0.0,
1710,2020.3,North Macedonia,,184,0.0,
1711,2020.2,North Macedonia,,176,0.0,
1712,2021.4,Northern Cyprus,25983.11111111111,100,5617.8,
1713,2021.3,Northern Cyprus,5617.8,95,1049.595238095238,
1714,2021.2,Northern Cyprus,1049.595238095238,81,0.0,
1715,2021.1,Northern Cyprus,,206,0.0,
1716,2021.0,Northern Cyprus,,194,0.0,
1717,2021.4,Norway,812863.8285714285,43,346317.2571428571,
1718,2021.3,Norway,346317.2571428571,41,238461.30952380953,
1719,2021.2,Norway,238461.30952380953,29,42426.25714285715,
1720,2021.1,Norway,42426.25714285715,25,0.11904761904761904,
1721,2021.0,Norway,0.11904761904761904,25,0.0,
1722,2020.9,Norway,,189,0.0,
1723,2020.8,Norway,,187,0.0,
1724,2020.7,Norway,,185,0.0,
1725,2020.6,Norway,,185,0.0,
1726,2020.5,Norway,,185,0.0,
1727,2020.4,Norway,,185,0.0,
1728,2020.3,Norway,,184,0.0,
1729,2020.2,Norway,,176,0.0,
1730,2021.4,Oman,10243.342857142858,116,3495.2571428571428,
1731,2021.3,Oman,3495.2571428571428,98,4528.333333333333,
1732,2021.2,Oman,4528.333333333333,66,7707.371428571429,
1733,2021.1,Oman,7707.371428571429,40,16.023809523809526,
1734,2021.0,Oman,16.023809523809526,15,0.0,
1735,2020.9,Oman,,189,0.0,
1736,2020.8,Oman,,187,0.0,
1737,2020.7,Oman,,185,0.0,
1738,2020.6,Oman,,185,0.0,
1739,2020.5,Oman,,185,0.0,
1740,2020.4,Oman,,185,0.0,
1741,2020.3,Oman,,184,0.0,
1742,2020.2,Oman,,176,0.0,
1743,2021.4,Pakistan,682508.6,47,0.0,
1744,2021.3,Pakistan,,215,0.0,
1745,2021.2,Pakistan,,211,0.0,
1746,2021.1,Pakistan,,206,0.0,
1747,2021.0,Pakistan,,194,0.0,
1748,2020.9,Pakistan,,189,0.0,
1749,2020.8,Pakistan,,187,0.0,
1750,2020.7,Pakistan,,185,0.0,
1751,2020.6,Pakistan,,185,0.0,
1752,2020.5,Pakistan,,185,0.0,
1753,2020.4,Pakistan,,185,0.0,
1754,2020.3,Pakistan,,184,0.0,
1755,2020.2,Pakistan,,176,0.0,
1756,2021.4,Palestine,103470.5142857143,77,17306.885714285716,
1757,2021.3,Palestine,17306.885714285716,78,1127.8809523809523,
1758,2021.2,Palestine,1127.8809523809523,80,0.0,
1759,2021.1,Palestine,,206,0.0,
1760,2021.0,Palestine,,194,0.0,
1761,2020.9,Palestine,,189,0.0,
1762,2020.8,Palestine,,187,0.0,
1763,2020.7,Palestine,,185,0.0,
1764,2020.6,Palestine,,185,0.0,
1765,2020.5,Palestine,,185,0.0,
1766,2020.4,Palestine,,185,0.0,
1767,2020.3,Palestine,,184,0.0,
1768,2020.2,Palestine,,176,0.0,
1769,2021.4,Panama,312947.97142857144,59,174385.77142857143,
1770,2021.3,Panama,174385.77142857143,46,17811.785714285714,
1771,2021.2,Panama,17811.785714285714,54,294.2,
1772,2021.1,Panama,294.2,54,0.0,
1773,2021.0,Panama,,194,0.0,
1774,2020.9,Panama,,189,0.0,
1775,2020.8,Panama,,187,0.0,
1776,2020.7,Panama,,185,0.0,
1777,2020.6,Panama,,185,0.0,
1778,2020.5,Panama,,185,0.0,
1779,2020.4,Panama,,185,0.0,
1780,2020.3,Panama,,184,0.0,
1781,2020.2,Panama,,176,0.0,
1782,2021.4,Papua New Guinea,,215,0.0,
1783,2021.3,Papua New Guinea,,215,0.0,
1784,2021.2,Papua New Guinea,,211,0.0,
1785,2021.1,Papua New Guinea,,206,0.0,
1786,2021.0,Papua New Guinea,,194,0.0,
1787,2020.9,Papua New Guinea,,189,0.0,
1788,2020.8,Papua New Guinea,,187,0.0,
1789,2020.7,Papua New Guinea,,185,0.0,
1790,2020.6,Papua New Guinea,,185,0.0,
1791,2020.5,Papua New Guinea,,185,0.0,
1792,2020.4,Papua New Guinea,,185,0.0,
1793,2020.3,Papua New Guinea,,184,0.0,
1794,2020.2,Papua New Guinea,,176,0.0,
1795,2021.4,Paraguay,59393.114285714284,85,10745.057142857142,
1796,2021.3,Paraguay,10745.057142857142,87,653.7142857142857,
1797,2021.2,Paraguay,653.7142857142857,87,0.0,
1798,2021.1,Paraguay,,206,0.0,
1799,2021.0,Paraguay,,194,0.0,
1800,2020.9,Paraguay,,189,0.0,
1801,2020.8,Paraguay,,187,0.0,
1802,2020.7,Paraguay,,185,0.0,
1803,2020.6,Paraguay,,185,0.0,
1804,2020.5,Paraguay,,185,0.0,
1805,2020.4,Paraguay,,185,0.0,
1806,2020.3,Paraguay,,184,0.0,
1807,2020.2,Paraguay,,176,0.0,
1808,2021.4,Peru,1127172.0571428572,34,594707.1714285715,
1809,2021.3,Peru,594707.1714285715,30,183711.47619047618,
1810,2021.2,Peru,183711.47619047618,31,0.0,
1811,2021.1,Peru,,206,0.0,
1812,2021.0,Peru,,194,0.0,
1813,2020.9,Peru,,189,0.0,
1814,2020.8,Peru,,187,0.0,
1815,2020.7,Peru,,185,0.0,
1816,2020.6,Peru,,185,0.0,
1817,2020.5,Peru,,185,0.0,
1818,2020.4,Peru,,185,0.0,
1819,2020.3,Peru,,184,0.0,
1820,2020.2,Peru,,176,0.0,
1821,2020.1,Peru,,32,0.0,
1822,2021.4,Philippines,352506.0,55,138662.62857142856,
1823,2021.3,Philippines,138662.62857142856,55,32.0,
1824,2021.2,Philippines,32.0,98,0.0,
1825,2021.1,Philippines,,206,0.0,
1826,2021.0,Philippines,,194,0.0,
1827,2020.9,Philippines,,189,0.0,
1828,2020.8,Philippines,,187,0.0,
1829,2020.7,Philippines,,185,0.0,
1830,2020.6,Philippines,,185,0.0,
1831,2020.5,Philippines,,185,0.0,
1832,2020.4,Philippines,,185,0.0,
1833,2020.3,Philippines,,184,0.0,
1834,2020.2,Philippines,,176,0.0,
1835,2020.1,Philippines,,32,0.0,
1836,2021.4,Poland,6255990.571428572,14,1820714.8857142858,
1837,2021.3,Poland,1820714.8857142858,16,1201500.4523809524,
1838,2021.2,Poland,1201500.4523809524,15,361595.7428571429,
1839,2021.1,Poland,361595.7428571429,7,15.976190476190476,
1840,2021.0,Poland,15.976190476190476,16,0.0,
1841,2020.9,Poland,,189,0.0,
1842,2020.8,Poland,,187,0.0,
1843,2020.7,Poland,,185,0.0,
1844,2020.6,Poland,,185,0.0,
1845,2020.5,Poland,,185,0.0,
1846,2020.4,Poland,,185,0.0,
1847,2020.3,Poland,,184,0.0,
1848,2020.2,Poland,,176,0.0,
1849,2021.4,Portugal,1731292.8,29,776861.8285714285,
1850,2021.3,Portugal,776861.8285714285,27,386202.9285714286,
1851,2021.2,Portugal,386202.9285714286,24,104142.4,
1852,2021.1,Portugal,104142.4,17,27.642857142857142,
1853,2021.0,Portugal,27.642857142857142,11,0.0,
1854,2020.9,Portugal,,189,0.0,
1855,2020.8,Portugal,,187,0.0,
1856,2020.7,Portugal,,185,0.0,
1857,2020.6,Portugal,,185,0.0,
1858,2020.5,Portugal,,185,0.0,
1859,2020.4,Portugal,,185,0.0,
1860,2020.3,Portugal,,184,0.0,
1861,2020.2,Portugal,,176,0.0,
1862,2020.1,Portugal,,32,0.0,
1863,2021.4,Qatar,978292.4857142858,38,195730.7142857143,
1864,2021.3,Qatar,195730.7142857143,44,0.0,
1865,2021.2,Qatar,,211,0.0,
1866,2021.1,Qatar,,206,0.0,
1867,2021.0,Qatar,,194,0.0,
1868,2020.9,Qatar,,189,0.0,
1869,2020.8,Qatar,,187,0.0,
1870,2020.7,Qatar,,185,0.0,
1871,2020.6,Qatar,,185,0.0,
1872,2020.5,Qatar,,185,0.0,
1873,2020.4,Qatar,,185,0.0,
1874,2020.3,Qatar,,184,0.0,
1875,2020.2,Qatar,,176,0.0,
1876,2021.4,Romania,3301052.7714285715,18,1732736.4285714286,
1877,2021.3,Romania,1732736.4285714286,17,778063.7380952381,
1878,2021.2,Romania,778063.7380952381,16,219663.85714285713,
1879,2021.1,Romania,219663.85714285713,9,20.833333333333332,
1880,2021.0,Romania,20.833333333333332,13,0.0,
1881,2020.9,Romania,,189,0.0,
1882,2020.8,Romania,,187,0.0,
1883,2020.7,Romania,,185,0.0,
1884,2020.6,Romania,,185,0.0,
1885,2020.5,Romania,,185,0.0,
1886,2020.4,Romania,,185,0.0,
1887,2020.3,Romania,,184,0.0,
1888,2020.2,Romania,,176,0.0,
1889,2021.4,Russia,11551902.685714286,7,6303763.857142857,
1890,2021.3,Russia,6303763.857142857,6,1404151.619047619,
1891,2021.2,Russia,1404151.619047619,13,0.0,
1892,2021.1,Russia,,206,0.0,
1893,2021.0,Russia,,194,0.0,
1894,2020.9,Russia,,189,0.0,
1895,2020.8,Russia,,187,0.0,
1896,2020.7,Russia,,185,0.0,
1897,2020.6,Russia,,185,0.0,
1898,2020.5,Russia,,185,0.0,
1899,2020.4,Russia,,185,0.0,
1900,2020.3,Russia,,184,0.0,
1901,2020.2,Russia,,176,0.0,
1902,2020.1,Russia,,32,0.0,
1903,2021.4,Rwanda,,215,1419.8857142857144,
1904,2021.3,Rwanda,1419.8857142857144,109,0.0,
1905,2021.2,Rwanda,,211,0.0,
1906,2021.1,Rwanda,,206,0.0,
1907,2021.0,Rwanda,,194,0.0,
1908,2020.9,Rwanda,,189,0.0,
1909,2020.8,Rwanda,,187,0.0,
1910,2020.7,Rwanda,,185,0.0,
1911,2020.6,Rwanda,,185,0.0,
1912,2020.5,Rwanda,,185,0.0,
1913,2020.4,Rwanda,,185,0.0,
1914,2020.3,Rwanda,,184,0.0,
1915,2020.2,Rwanda,,176,0.0,
1916,2021.3,Saint Helena,146.5483870967742,127,2.619047619047619,
1917,2021.2,Saint Helena,2.619047619047619,103,0.0,
1918,2021.1,Saint Helena,,206,0.0,
1919,2021.4,Saint Kitts and Nevis,1269.1714285714286,149,3.6285714285714286,
1920,2021.3,Saint Kitts and Nevis,3.6285714285714286,138,0.0,
1921,2021.2,Saint Kitts and Nevis,,211,0.0,
1922,2021.1,Saint Kitts and Nevis,,206,0.0,
1923,2021.0,Saint Kitts and Nevis,,194,0.0,
1924,2020.9,Saint Kitts and Nevis,,189,0.0,
1925,2020.8,Saint Kitts and Nevis,,187,0.0,
1926,2020.7,Saint Kitts and Nevis,,185,0.0,
1927,2020.6,Saint Kitts and Nevis,,185,0.0,
1928,2020.5,Saint Kitts and Nevis,,185,0.0,
1929,2020.4,Saint Kitts and Nevis,,185,0.0,
1930,2020.3,Saint Kitts and Nevis,,184,0.0,
1931,2020.2,Saint Kitts and Nevis,,176,0.0,
1932,2021.4,Saint Lucia,9701.628571428571,117,0.0,
1933,2021.3,Saint Lucia,,215,0.0,
1934,2021.2,Saint Lucia,,211,0.0,
1935,2021.1,Saint Lucia,,206,0.0,
1936,2021.0,Saint Lucia,,194,0.0,
1937,2020.9,Saint Lucia,,189,0.0,
1938,2020.8,Saint Lucia,,187,0.0,
1939,2020.7,Saint Lucia,,185,0.0,
1940,2020.6,Saint Lucia,,185,0.0,
1941,2020.5,Saint Lucia,,185,0.0,
1942,2020.4,Saint Lucia,,185,0.0,
1943,2020.3,Saint Lucia,,184,0.0,
1944,2020.2,Saint Lucia,,176,0.0,
1945,2021.4,Saint Vincent and the Grenadines,,215,0.0,
1946,2021.3,Saint Vincent and the Grenadines,,215,0.0,
1947,2021.2,Saint Vincent and the Grenadines,,211,0.0,
1948,2021.1,Saint Vincent and the Grenadines,,206,0.0,
1949,2021.0,Saint Vincent and the Grenadines,,194,0.0,
1950,2020.9,Saint Vincent and the Grenadines,,189,0.0,
1951,2020.8,Saint Vincent and the Grenadines,,187,0.0,
1952,2020.7,Saint Vincent and the Grenadines,,185,0.0,
1953,2020.6,Saint Vincent and the Grenadines,,185,0.0,
1954,2020.5,Saint Vincent and the Grenadines,,185,0.0,
1955,2020.4,Saint Vincent and the Grenadines,,185,0.0,
1956,2020.3,Saint Vincent and the Grenadines,,184,0.0,
1957,2020.2,Saint Vincent and the Grenadines,,176,0.0,
1958,2021.4,Samoa,,215,0.0,
1959,2021.3,Samoa,,215,0.0,
1960,2021.2,Samoa,,211,0.0,
1961,2021.1,Samoa,,206,0.0,
1962,2021.0,Samoa,,194,0.0,
1963,2020.9,Samoa,,189,0.0,
1964,2021.4,San Marino,7252.2,121,5072.885714285714,
1965,2021.3,San Marino,5072.885714285714,96,443.5238095238095,
1966,2021.2,San Marino,443.5238095238095,90,0.0,
1967,2021.1,San Marino,,206,0.0,
1968,2021.0,San Marino,,194,0.0,
1969,2020.9,San Marino,,189,0.0,
1970,2020.8,San Marino,,187,0.0,
1971,2020.7,San Marino,,185,0.0,
1972,2020.6,San Marino,,185,0.0,
1973,2020.5,San Marino,,185,0.0,
1974,2020.4,San Marino,,185,0.0,
1975,2020.3,San Marino,,184,0.0,
1976,2020.2,San Marino,,176,0.0,
1977,2021.4,Sao Tome and Principe,873.4857142857143,156,0.0,
1978,2021.3,Sao Tome and Principe,,215,0.0,
1979,2021.2,Sao Tome and Principe,,211,0.0,
1980,2021.1,Sao Tome and Principe,,206,0.0,
1981,2021.0,Sao Tome and Principe,,194,0.0,
1982,2020.9,Sao Tome and Principe,,189,0.0,
1983,2020.8,Sao Tome and Principe,,187,0.0,
1984,2020.7,Sao Tome and Principe,,185,0.0,
1985,2020.6,Sao Tome and Principe,,185,0.0,
1986,2020.5,Sao Tome and Principe,,185,0.0,
1987,2020.4,Sao Tome and Principe,,185,0.0,
1988,2020.3,Sao Tome and Principe,,184,0.0,
1989,2021.4,Saudi Arabia,,215,0.0,
1990,2021.3,Saudi Arabia,,215,0.0,
1991,2021.2,Saudi Arabia,,211,0.0,
1992,2021.1,Saudi Arabia,,206,0.0,
1993,2021.0,Saudi Arabia,,194,0.0,
1994,2020.9,Saudi Arabia,,189,0.0,
1995,2020.8,Saudi Arabia,,187,0.0,
1996,2020.7,Saudi Arabia,,185,0.0,
1997,2020.6,Saudi Arabia,,185,0.0,
1998,2020.5,Saudi Arabia,,185,0.0,
1999,2020.4,Saudi Arabia,,185,0.0,
2000,2020.3,Saudi Arabia,,184,0.0,
2001,2020.2,Saudi Arabia,,176,0.0,
2002,2021.4,Senegal,11988.057142857142,109,0.0,
2003,2021.3,Senegal,,215,0.0,
2004,2021.2,Senegal,,211,0.0,
2005,2021.1,Senegal,,206,0.0,
2006,2021.0,Senegal,,194,0.0,
2007,2020.9,Senegal,,189,0.0,
2008,2020.8,Senegal,,187,0.0,
2009,2020.7,Senegal,,185,0.0,
2010,2020.6,Senegal,,185,0.0,
2011,2020.5,Senegal,,185,0.0,
2012,2020.4,Senegal,,185,0.0,
2013,2020.3,Senegal,,184,0.0,
2014,2020.2,Senegal,,176,0.0,
2015,2021.4,Serbia,994894.0285714286,37,924023.8571428572,
2016,2021.3,Serbia,924023.8571428572,21,648949.1904761905,
2017,2021.2,Serbia,648949.1904761905,17,10166.114285714286,
2018,2021.1,Serbia,10166.114285714286,36,0.0,
2019,2021.0,Serbia,,194,0.0,
2020,2020.9,Serbia,,189,0.0,
2021,2020.8,Serbia,,187,0.0,
2022,2020.7,Serbia,,185,0.0,
2023,2020.6,Serbia,,185,0.0,
2024,2020.5,Serbia,,185,0.0,
2025,2020.4,Serbia,,185,0.0,
2026,2020.3,Serbia,,184,0.0,
2027,2020.2,Serbia,,176,0.0,
2028,2021.4,Seychelles,10899.171428571428,113,15109.771428571428,
2029,2021.3,Seychelles,15109.771428571428,83,9979.0,
2030,2021.2,Seychelles,9979.0,59,4818.457142857143,
2031,2021.1,Seychelles,4818.457142857143,41,0.0,
2032,2021.0,Seychelles,,194,0.0,
2033,2020.9,Seychelles,,189,0.0,
2034,2020.8,Seychelles,,187,0.0,
2035,2020.7,Seychelles,,185,0.0,
2036,2020.6,Seychelles,,185,0.0,
2037,2020.5,Seychelles,,185,0.0,
2038,2020.4,Seychelles,,185,0.0,
2039,2020.3,Seychelles,,184,0.0,
2040,2020.2,Seychelles,,176,0.0,
2041,2021.4,Sierra Leone,1011.1142857142858,153,917.3714285714286,
2042,2021.3,Sierra Leone,917.3714285714286,113,0.0,
2043,2021.2,Sierra Leone,,211,0.0,
2044,2021.1,Sierra Leone,,206,0.0,
2045,2021.0,Sierra Leone,,194,0.0,
2046,2020.9,Sierra Leone,,189,0.0,
2047,2020.8,Sierra Leone,,187,0.0,
2048,2020.7,Sierra Leone,,185,0.0,
2049,2020.6,Sierra Leone,,185,0.0,
2050,2020.5,Sierra Leone,,185,0.0,
2051,2020.4,Sierra Leone,,185,0.0,
2052,2020.3,Sierra Leone,,184,0.0,
2053,2021.4,Singapore,265610.2571428571,64,39589.37142857143,
2054,2021.3,Singapore,39589.37142857143,69,60842.92857142857,
2055,2021.2,Singapore,60842.92857142857,42,3488.5714285714284,
2056,2021.1,Singapore,3488.5714285714284,43,0.0,
2057,2021.0,Singapore,,194,0.0,
2058,2020.9,Singapore,,189,0.0,
2059,2020.8,Singapore,,187,0.0,
2060,2020.7,Singapore,,185,0.0,
2061,2020.6,Singapore,,185,0.0,
2062,2020.5,Singapore,,185,0.0,
2063,2020.4,Singapore,,185,0.0,
2064,2020.3,Singapore,,184,0.0,
2065,2020.2,Singapore,,176,0.0,
2066,2020.1,Singapore,,32,0.0,
2067,2021.4,Sint Maarten (Dutch part),1834.3846153846155,142,3318.6666666666665,
2068,2021.3,Sint Maarten (Dutch part),3318.6666666666665,100,0.0,
2069,2021.4,Slovakia,732244.0285714286,46,410464.4285714286,
2070,2021.3,Slovakia,410464.4285714286,38,207612.97619047618,
2071,2021.2,Slovakia,207612.97619047618,30,34423.114285714284,
2072,2021.1,Slovakia,34423.114285714284,27,0.0,
2073,2021.0,Slovakia,,194,0.0,
2074,2020.9,Slovakia,,189,0.0,
2075,2020.8,Slovakia,,187,0.0,
2076,2020.7,Slovakia,,185,0.0,
2077,2020.6,Slovakia,,185,0.0,
2078,2020.5,Slovakia,,185,0.0,
2079,2020.4,Slovakia,,185,0.0,
2080,2020.3,Slovakia,,184,0.0,
2081,2020.2,Slovakia,,176,0.0,
2082,2021.4,Slovenia,388301.77142857143,52,171471.8,
2083,2021.3,Slovenia,171471.8,47,85198.78571428571,
2084,2021.2,Slovenia,85198.78571428571,37,32650.342857142856,
2085,2021.1,Slovenia,32650.342857142856,29,10.952380952380953,
2086,2021.0,Slovenia,10.952380952380953,18,0.0,
2087,2020.9,Slovenia,,189,0.0,
2088,2020.8,Slovenia,,187,0.0,
2089,2020.7,Slovenia,,185,0.0,
2090,2020.6,Slovenia,,185,0.0,
2091,2020.5,Slovenia,,185,0.0,
2092,2020.4,Slovenia,,185,0.0,
2093,2020.3,Slovenia,,184,0.0,
2094,2020.2,Slovenia,,176,0.0,
2095,2020.1,Slovenia,,32,0.0,
2096,2021.4,Solomon Islands,298.2,166,198.8,
2097,2021.3,Solomon Islands,198.8,126,0.0,
2098,2021.2,Solomon Islands,,211,0.0,
2099,2021.1,Solomon Islands,,206,0.0,
2100,2021.0,Solomon Islands,,194,0.0,
2101,2020.9,Solomon Islands,,189,0.0,
2102,2020.8,Solomon Islands,,187,0.0,
2103,2021.4,Somalia,1145.7142857142858,151,0.0,
2104,2021.3,Somalia,,215,0.0,
2105,2021.2,Somalia,,211,0.0,
2106,2021.1,Somalia,,206,0.0,
2107,2021.0,Somalia,,194,0.0,
2108,2020.9,Somalia,,189,0.0,
2109,2020.8,Somalia,,187,0.0,
2110,2020.7,Somalia,,185,0.0,
2111,2020.6,Somalia,,185,0.0,
2112,2020.5,Somalia,,185,0.0,
2113,2020.4,Somalia,,185,0.0,
2114,2020.3,Somalia,,184,0.0,
2115,2020.2,Somalia,,176,0.0,
2116,2021.4,South Africa,62176.171428571426,82,144236.0285714286,
2117,2021.3,South Africa,144236.0285714286,54,111636.54761904762,
2118,2021.2,South Africa,111636.54761904762,35,988.1714285714286,
2119,2021.1,South Africa,988.1714285714286,51,0.0,
2120,2021.0,South Africa,,194,0.0,
2121,2020.9,South Africa,,189,0.0,
2122,2020.8,South Africa,,187,0.0,
2123,2020.7,South Africa,,185,0.0,
2124,2020.6,South Africa,,185,0.0,
2125,2020.5,South Africa,,185,0.0,
2126,2020.4,South Africa,,185,0.0,
2127,2020.3,South Africa,,184,0.0,
2128,2020.2,South Africa,,176,0.0,
2129,2020.1,South Africa,,32,0.0,
2130,2021.4,South Korea,1835113.142857143,26,155444.2857142857,
2131,2021.3,South Korea,155444.2857142857,52,3659.8333333333335,
2132,2021.2,South Korea,3659.8333333333335,71,0.0,
2133,2021.1,South Korea,,206,0.0,
2134,2021.0,South Korea,,194,0.0,
2135,2020.9,South Korea,,189,0.0,
2136,2020.8,South Korea,,187,0.0,
2137,2020.7,South Korea,,185,0.0,
2138,2020.6,South Korea,,185,0.0,
2139,2020.5,South Korea,,185,0.0,
2140,2020.4,South Korea,,185,0.0,
2141,2020.3,South Korea,,184,0.0,
2142,2020.2,South Korea,,176,0.0,
2143,2020.1,South Korea,,32,0.0,
2144,2021.4,South Sudan,,215,0.0,
2145,2021.3,South Sudan,,215,0.0,
2146,2021.2,South Sudan,,211,0.0,
2147,2021.1,South Sudan,,206,0.0,
2148,2021.0,South Sudan,,194,0.0,
2149,2020.9,South Sudan,,189,0.0,
2150,2020.8,South Sudan,,187,0.0,
2151,2020.7,South Sudan,,185,0.0,
2152,2020.6,South Sudan,,185,0.0,
2153,2020.5,South Sudan,,185,0.0,
2154,2020.4,South Sudan,,185,0.0,
2155,2020.3,South Sudan,,184,0.0,
2156,2021.4,Spain,6080812.457142857,15,2963758.9714285713,
2157,2021.3,Spain,2963758.9714285713,15,1211070.9285714286,
2158,2021.2,Spain,1211070.9285714286,14,422193.9142857143,
2159,2021.1,Spain,422193.9142857143,6,0.0,
2160,2021.0,Spain,,194,0.0,
2161,2020.9,Spain,,189,0.0,
2162,2020.8,Spain,,187,0.0,
2163,2020.7,Spain,,185,0.0,
2164,2020.6,Spain,,185,0.0,
2165,2020.5,Spain,,185,0.0,
2166,2020.4,Spain,,185,0.0,
2167,2020.3,Spain,,184,0.0,
2168,2020.2,Spain,,176,0.0,
2169,2020.1,Spain,,32,0.0,
2170,2021.4,Sri Lanka,297897.2,61,30733.514285714286,
2171,2021.3,Sri Lanka,30733.514285714286,73,0.0,
2172,2021.2,Sri Lanka,,211,0.0,
2173,2021.1,Sri Lanka,,206,0.0,
2174,2021.0,Sri Lanka,,194,0.0,
2175,2020.9,Sri Lanka,,189,0.0,
2176,2020.8,Sri Lanka,,187,0.0,
2177,2020.7,Sri Lanka,,185,0.0,
2178,2020.6,Sri Lanka,,185,0.0,
2179,2020.5,Sri Lanka,,185,0.0,
2180,2020.4,Sri Lanka,,185,0.0,
2181,2020.3,Sri Lanka,,184,0.0,
2182,2020.2,Sri Lanka,,176,0.0,
2183,2020.1,Sri Lanka,,32,0.0,
2184,2021.4,Sudan,5898.142857142857,127,0.0,
2185,2021.3,Sudan,,215,0.0,
2186,2021.2,Sudan,,211,0.0,
2187,2021.1,Sudan,,206,0.0,
2188,2021.0,Sudan,,194,0.0,
2189,2020.9,Sudan,,189,0.0,
2190,2020.8,Sudan,,187,0.0,
2191,2020.7,Sudan,,185,0.0,
2192,2020.6,Sudan,,185,0.0,
2193,2020.5,Sudan,,185,0.0,
2194,2020.4,Sudan,,185,0.0,
2195,2020.3,Sudan,,184,0.0,
2196,2020.2,Sudan,,176,0.0,
2197,2021.4,Suriname,8234.885714285714,118,23.885714285714286,
2198,2021.3,Suriname,23.885714285714286,135,0.0,
2199,2021.2,Suriname,,211,0.0,
2200,2021.1,Suriname,,206,0.0,
2201,2021.0,Suriname,,194,0.0,
2202,2020.9,Suriname,,189,0.0,
2203,2020.8,Suriname,,187,0.0,
2204,2020.7,Suriname,,185,0.0,
2205,2020.6,Suriname,,185,0.0,
2206,2020.5,Suriname,,185,0.0,
2207,2020.4,Suriname,,185,0.0,
2208,2020.3,Suriname,,184,0.0,
2209,2020.2,Suriname,,176,0.0,
2210,2021.4,Sweden,345175.85714285716,56,108922.22857142857,
2211,2021.3,Sweden,108922.22857142857,58,58878.45238095238,
2212,2021.2,Sweden,58878.45238095238,43,15421.514285714286,
2213,2021.1,Sweden,15421.514285714286,32,1.1904761904761905,
2214,2021.0,Sweden,1.1904761904761905,23,0.0,
2215,2020.9,Sweden,,189,0.0,
2216,2020.8,Sweden,,187,0.0,
2217,2020.7,Sweden,,185,0.0,
2218,2020.6,Sweden,,185,0.0,
2219,2020.5,Sweden,,185,0.0,
2220,2020.4,Sweden,,185,0.0,
2221,2020.3,Sweden,,184,0.0,
2222,2020.2,Sweden,,176,0.0,
2223,2020.1,Sweden,,32,0.0,
2224,2021.4,Switzerland,1438648.6285714286,32,839914.1714285715,
2225,2021.3,Switzerland,839914.1714285715,25,412484.88095238095,
2226,2021.2,Switzerland,412484.88095238095,23,32822.91428571429,
2227,2021.1,Switzerland,32822.91428571429,28,0.0,
2228,2021.0,Switzerland,,194,0.0,
2229,2020.9,Switzerland,,189,0.0,
2230,2020.8,Switzerland,,187,0.0,
2231,2020.7,Switzerland,,185,0.0,
2232,2020.6,Switzerland,,185,0.0,
2233,2020.5,Switzerland,,185,0.0,
2234,2020.4,Switzerland,,185,0.0,
2235,2020.3,Switzerland,,184,0.0,
2236,2020.2,Switzerland,,176,0.0,
2237,2021.4,Syria,,215,0.0,
2238,2021.3,Syria,,215,0.0,
2239,2021.2,Syria,,211,0.0,
2240,2021.1,Syria,,206,0.0,
2241,2021.0,Syria,,194,0.0,
2242,2020.9,Syria,,189,0.0,
2243,2020.8,Syria,,187,0.0,
2244,2020.7,Syria,,185,0.0,
2245,2020.6,Syria,,185,0.0,
2246,2020.5,Syria,,185,0.0,
2247,2020.4,Syria,,185,0.0,
2248,2020.3,Syria,,184,0.0,
2249,2020.2,Syria,,176,0.0,
2250,2021.4,Taiwan,,215,0.0,
2251,2021.3,Taiwan,,215,0.0,
2252,2021.2,Taiwan,,211,0.0,
2253,2021.1,Taiwan,,206,0.0,
2254,2021.0,Taiwan,,194,0.0,
2255,2020.9,Taiwan,,189,0.0,
2256,2020.8,Taiwan,,187,0.0,
2257,2020.7,Taiwan,,185,0.0,
2258,2020.6,Taiwan,,185,0.0,
2259,2020.5,Taiwan,,185,0.0,
2260,2020.4,Taiwan,,185,0.0,
2261,2020.3,Taiwan,,184,0.0,
2262,2020.2,Taiwan,,176,0.0,
2263,2020.1,Taiwan,,32,0.0,
2264,2021.4,Tajikistan,741.3142857142857,160,0.0,
2265,2021.3,Tajikistan,,215,0.0,
2266,2021.2,Tajikistan,,211,0.0,
2267,2021.1,Tajikistan,,206,0.0,
2268,2021.0,Tajikistan,,194,0.0,
2269,2020.9,Tajikistan,,189,0.0,
2270,2020.8,Tajikistan,,187,0.0,
2271,2020.7,Tajikistan,,185,0.0,
2272,2020.6,Tajikistan,,185,0.0,
2273,2020.5,Tajikistan,,185,0.0,
2274,2020.4,Tajikistan,,185,0.0,
2275,2020.3,Tajikistan,,184,0.0,
2276,2021.4,Tanzania,,215,0.0,
2277,2021.3,Tanzania,,215,0.0,
2278,2021.2,Tanzania,,211,0.0,
2279,2021.1,Tanzania,,206,0.0,
2280,2021.0,Tanzania,,194,0.0,
2281,2020.9,Tanzania,,189,0.0,
2282,2020.8,Tanzania,,187,0.0,
2283,2020.7,Tanzania,,185,0.0,
2284,2020.6,Tanzania,,185,0.0,
2285,2020.5,Tanzania,,185,0.0,
2286,2020.4,Tanzania,,185,0.0,
2287,2020.3,Tanzania,,184,0.0,
2288,2020.2,Tanzania,,176,0.0,
2289,2021.4,Timor,0.6857142857142857,178,0.0,
2290,2021.3,Timor,,215,0.0,
2291,2021.2,Timor,,211,0.0,
2292,2021.1,Timor,,206,0.0,
2293,2021.0,Timor,,194,0.0,
2294,2020.9,Timor,,189,0.0,
2295,2020.8,Timor,,187,0.0,
2296,2020.7,Timor,,185,0.0,
2297,2020.6,Timor,,185,0.0,
2298,2020.5,Timor,,185,0.0,
2299,2020.4,Timor,,185,0.0,
2300,2020.3,Timor,,184,0.0,
2301,2020.2,Timor,,176,0.0,
2302,2021.4,Togo,4728.5142857142855,132,0.0,
2303,2021.3,Togo,,215,0.0,
2304,2021.2,Togo,,211,0.0,
2305,2021.1,Togo,,206,0.0,
2306,2021.0,Togo,,194,0.0,
2307,2020.9,Togo,,189,0.0,
2308,2020.8,Togo,,187,0.0,
2309,2020.7,Togo,,185,0.0,
2310,2020.6,Togo,,185,0.0,
2311,2020.5,Togo,,185,0.0,
2312,2020.4,Togo,,185,0.0,
2313,2020.3,Togo,,184,0.0,
2314,2020.2,Togo,,176,0.0,
2315,2021.4,Tonga,175.95652173913044,170,134.9,
2316,2021.3,Tonga,134.9,128,0.0,
2317,2021.4,Trinidad and Tobago,2371.3714285714286,140,98.88571428571429,
2318,2021.3,Trinidad and Tobago,98.88571428571429,129,0.0,
2319,2021.2,Trinidad and Tobago,,211,0.0,
2320,2021.1,Trinidad and Tobago,,206,0.0,
2321,2021.0,Trinidad and Tobago,,194,0.0,
2322,2020.9,Trinidad and Tobago,,189,0.0,
2323,2020.8,Trinidad and Tobago,,187,0.0,
2324,2020.7,Trinidad and Tobago,,185,0.0,
2325,2020.6,Trinidad and Tobago,,185,0.0,
2326,2020.5,Trinidad and Tobago,,185,0.0,
2327,2020.4,Trinidad and Tobago,,185,0.0,
2328,2020.3,Trinidad and Tobago,,184,0.0,
2329,2020.2,Trinidad and Tobago,,176,0.0,
2330,2021.4,Tunisia,235978.42857142858,66,53799.08571428571,
2331,2021.3,Tunisia,53799.08571428571,66,0.0,
2332,2021.2,Tunisia,,211,0.0,
2333,2021.1,Tunisia,,206,0.0,
2334,2021.0,Tunisia,,194,0.0,
2335,2020.9,Tunisia,,189,0.0,
2336,2020.8,Tunisia,,187,0.0,
2337,2020.7,Tunisia,,185,0.0,
2338,2020.6,Tunisia,,185,0.0,
2339,2020.5,Tunisia,,185,0.0,
2340,2020.4,Tunisia,,185,0.0,
2341,2020.3,Tunisia,,184,0.0,
2342,2020.2,Tunisia,,176,0.0,
2343,2021.4,Turkey,12168212.742857143,6,8359180.4,
2344,2021.3,Turkey,8359180.4,5,3774133.738095238,
2345,2021.2,Turkey,3774133.738095238,4,205047.3142857143,
2346,2021.1,Turkey,205047.3142857143,10,0.0,
2347,2021.0,Turkey,,194,0.0,
2348,2020.9,Turkey,,189,0.0,
2349,2020.8,Turkey,,187,0.0,
2350,2020.7,Turkey,,185,0.0,
2351,2020.6,Turkey,,185,0.0,
2352,2020.5,Turkey,,185,0.0,
2353,2020.4,Turkey,,185,0.0,
2354,2020.3,Turkey,,184,0.0,
2355,2020.2,Turkey,,176,0.0,
2356,2021.2,Turkmenistan,9753.0,60,0.0,
2357,2021.4,Turks and Caicos Islands,1337.3684210526317,147,285.7142857142857,
2358,2021.3,Turks and Caicos Islands,285.7142857142857,123,238.0952380952381,
2359,2021.2,Turks and Caicos Islands,238.0952380952381,91,0.0,
2360,2021.1,Turks and Caicos Islands,,206,0.0,
2361,2021.0,Turks and Caicos Islands,,194,0.0,
2362,2021.4,Tuvalu,,215,0.0,
2363,2021.3,Tuvalu,,215,0.0,
2364,2021.4,Uganda,261.1142857142857,168,0.0,
2365,2021.3,Uganda,,215,0.0,
2366,2021.2,Uganda,,211,0.0,
2367,2021.1,Uganda,,206,0.0,
2368,2021.0,Uganda,,194,0.0,
2369,2020.9,Uganda,,189,0.0,
2370,2020.8,Uganda,,187,0.0,
2371,2020.7,Uganda,,185,0.0,
2372,2020.6,Uganda,,185,0.0,
2373,2020.5,Uganda,,185,0.0,
2374,2020.4,Uganda,,185,0.0,
2375,2020.3,Uganda,,184,0.0,
2376,2020.2,Uganda,,176,0.0,
2377,2021.4,Ukraine,103704.88571428572,76,97.74285714285715,
2378,2021.3,Ukraine,97.74285714285715,130,0.47619047619047616,
2379,2021.2,Ukraine,0.47619047619047616,104,0.0,
2380,2021.1,Ukraine,,206,0.0,
2381,2021.0,Ukraine,,194,0.0,
2382,2020.9,Ukraine,,189,0.0,
2383,2020.8,Ukraine,,187,0.0,
2384,2020.7,Ukraine,,185,0.0,
2385,2020.6,Ukraine,,185,0.0,
2386,2020.5,Ukraine,,185,0.0,
2387,2020.4,Ukraine,,185,0.0,
2388,2020.3,Ukraine,,184,0.0,
2389,2020.2,Ukraine,,176,0.0,
2390,2021.4,United Arab Emirates,,215,109614.88571428572,
2391,2021.3,United Arab Emirates,109614.88571428572,56,52091.642857142855,
2392,2021.2,United Arab Emirates,52091.642857142855,45,0.0,
2393,2021.1,United Arab Emirates,,206,5952.380952380952,
2394,2021.0,United Arab Emirates,5952.380952380952,4,0.0,
2395,2020.9,United Arab Emirates,,189,0.0,
2396,2020.8,United Arab Emirates,,187,0.0,
2397,2020.7,United Arab Emirates,,185,0.0,
2398,2020.6,United Arab Emirates,,185,0.0,
2399,2020.5,United Arab Emirates,,185,0.0,
2400,2020.4,United Arab Emirates,,185,0.0,
2401,2020.3,United Arab Emirates,,184,0.0,
2402,2020.2,United Arab Emirates,,176,0.0,
2403,2020.1,United Arab Emirates,,32,0.0,
2404,2021.4,United Kingdom,23422609.171428572,3,11686759.342857143,
2405,2021.3,United Kingdom,11686759.342857143,3,2161890.904761905,
2406,2021.2,United Kingdom,2161890.904761905,9,513636.9428571428,
2407,2021.1,United Kingdom,513636.9428571428,5,82971.80952380953,
2408,2021.0,United Kingdom,82971.80952380953,1,0.0,
2409,2020.9,United Kingdom,,189,0.0,
2410,2020.8,United Kingdom,,187,0.0,
2411,2020.7,United Kingdom,,185,0.0,
2412,2020.6,United Kingdom,,185,0.0,
2413,2020.5,United Kingdom,,185,0.0,
2414,2020.4,United Kingdom,,185,0.0,
2415,2020.3,United Kingdom,,184,0.0,
2416,2020.2,United Kingdom,,176,0.0,
2417,2020.1,United Kingdom,,32,0.0,
2418,2021.4,United States,127581639.97142857,1,88931576.34285714,
2419,2021.3,United States,88931576.34285714,1,38237837.64285714,
2420,2021.2,United States,38237837.64285714,1,7920193.257142857,
2421,2021.1,United States,7920193.257142857,1,70300.23809523809,
2422,2021.0,United States,70300.23809523809,2,0.0,
2423,2020.9,United States,,189,0.0,
2424,2020.8,United States,,187,0.0,
2425,2020.7,United States,,185,0.0,
2426,2020.6,United States,,185,0.0,
2427,2020.5,United States,,185,0.0,
2428,2020.4,United States,,185,0.0,
2429,2020.3,United States,,184,0.0,
2430,2020.2,United States,,176,0.0,
2431,2020.1,United States,,32,0.0,
2432,2021.4,Uruguay,943708.8857142857,40,449487.17142857146,
2433,2021.3,Uruguay,449487.17142857146,36,8731.07142857143,
2434,2021.2,Uruguay,8731.07142857143,63,0.0,
2435,2021.1,Uruguay,,206,0.0,
2436,2021.0,Uruguay,,194,0.0,
2437,2020.9,Uruguay,,189,0.0,
2438,2020.8,Uruguay,,187,0.0,
2439,2020.7,Uruguay,,185,0.0,
2440,2020.6,Uruguay,,185,0.0,
2441,2020.5,Uruguay,,185,0.0,
2442,2020.4,Uruguay,,185,0.0,
2443,2020.3,Uruguay,,184,0.0,
2444,2020.2,Uruguay,,176,0.0,
2445,2021.4,Uzbekistan,41521.57142857143,93,0.0,
2446,2021.3,Uzbekistan,,215,0.0,
2447,2021.2,Uzbekistan,,211,0.0,
2448,2021.1,Uzbekistan,,206,0.0,
2449,2021.0,Uzbekistan,,194,0.0,
2450,2020.9,Uzbekistan,,189,0.0,
2451,2020.8,Uzbekistan,,187,0.0,
2452,2020.7,Uzbekistan,,185,0.0,
2453,2020.6,Uzbekistan,,185,0.0,
2454,2020.5,Uzbekistan,,185,0.0,
2455,2020.4,Uzbekistan,,185,0.0,
2456,2020.3,Uzbekistan,,184,0.0,
2457,2020.2,Uzbekistan,,176,0.0,
2458,2021.4,Vanuatu,,215,0.0,
2459,2021.3,Vanuatu,,215,0.0,
2460,2021.2,Vanuatu,,211,0.0,
2461,2021.1,Vanuatu,,206,0.0,
2462,2021.0,Vanuatu,,194,0.0,
2463,2020.9,Vanuatu,,189,0.0,
2464,2021.4,Vatican,,215,0.0,
2465,2021.3,Vatican,,215,0.0,
2466,2021.2,Vatican,,211,0.0,
2467,2021.1,Vatican,,206,0.0,
2468,2021.0,Vatican,,194,0.0,
2469,2020.9,Vatican,,189,0.0,
2470,2020.8,Vatican,,187,0.0,
2471,2020.7,Vatican,,185,0.0,
2472,2020.6,Vatican,,185,0.0,
2473,2020.5,Vatican,,185,0.0,
2474,2020.4,Vatican,,185,0.0,
2475,2020.3,Vatican,,184,0.0,
2476,2020.2,Vatican,,176,0.0,
2477,2021.4,Venezuela,4339.885714285714,134,0.0,
2478,2021.3,Venezuela,,215,0.0,
2479,2021.2,Venezuela,,211,0.0,
2480,2021.1,Venezuela,,206,0.0,
2481,2021.0,Venezuela,,194,0.0,
2482,2020.9,Venezuela,,189,0.0,
2483,2020.8,Venezuela,,187,0.0,
2484,2020.7,Venezuela,,185,0.0,
2485,2020.6,Venezuela,,185,0.0,
2486,2020.5,Venezuela,,185,0.0,
2487,2020.4,Venezuela,,185,0.0,
2488,2020.3,Venezuela,,184,0.0,
2489,2020.2,Venezuela,,176,0.0,
2490,2021.4,Vietnam,19604.428571428572,104,268.77142857142854,
2491,2021.3,Vietnam,268.77142857142854,124,0.0,
2492,2021.2,Vietnam,,211,0.0,
2493,2021.1,Vietnam,,206,0.0,
2494,2021.0,Vietnam,,194,0.0,
2495,2020.9,Vietnam,,189,0.0,
2496,2020.8,Vietnam,,187,0.0,
2497,2020.7,Vietnam,,185,0.0,
2498,2020.6,Vietnam,,185,0.0,
2499,2020.5,Vietnam,,185,0.0,
2500,2020.4,Vietnam,,185,0.0,
2501,2020.3,Vietnam,,184,0.0,
2502,2020.2,Vietnam,,176,0.0,
2503,2020.1,Vietnam,,32,0.0,
2504,2021.4,Wallis and Futuna,579.4333333333333,162,85.02857142857142,
2505,2021.3,Wallis and Futuna,85.02857142857142,131,0.0,
2506,2021.2,Wallis and Futuna,,211,0.0,
2507,2021.4,Yemen,,215,0.0,
2508,2021.3,Yemen,,215,0.0,
2509,2021.2,Yemen,,211,0.0,
2510,2021.1,Yemen,,206,0.0,
2511,2021.0,Yemen,,194,0.0,
2512,2020.9,Yemen,,189,0.0,
2513,2020.8,Yemen,,187,0.0,
2514,2020.7,Yemen,,185,0.0,
2515,2020.6,Yemen,,185,0.0,
2516,2020.5,Yemen,,185,0.0,
2517,2020.4,Yemen,,185,0.0,
2518,2020.3,Yemen,,184,0.0,
2519,2021.4,Zambia,1173.9714285714285,150,0.0,
2520,2021.3,Zambia,,215,0.0,
2521,2021.2,Zambia,,211,0.0,
2522,2021.1,Zambia,,206,0.0,
2523,2021.0,Zambia,,194,0.0,
2524,2020.9,Zambia,,189,0.0,
2525,2020.8,Zambia,,187,0.0,
2526,2020.7,Zambia,,185,0.0,
2527,2020.6,Zambia,,185,0.0,
2528,2020.5,Zambia,,185,0.0,
2529,2020.4,Zambia,,185,0.0,
2530,2020.3,Zambia,,184,0.0,
2531,2020.2,Zambia,,176,0.0,
2532,2021.4,Zimbabwe,303095.6857142857,60,61540.45714285714,
2533,2021.3,Zimbabwe,61540.45714285714,64,3669.9523809523807,
2534,2021.2,Zimbabwe,3669.9523809523807,70,0.0,
2535,2021.1,Zimbabwe,,206,0.0,
2536,2021.0,Zimbabwe,,194,0.0,
2537,2020.9,Zimbabwe,,189,0.0,
2538,2020.8,Zimbabwe,,187,0.0,
2539,2020.7,Zimbabwe,,185,0.0,
2540,2020.6,Zimbabwe,,185,0.0,
2541,2020.5,Zimbabwe,,185,0.0,
2542,2020.4,Zimbabwe,,185,0.0,
2543,2020.3,Zimbabwe,,184,0.0,
2544,2020.2,Zimbabwe,,176,0.0,
2545,2020.0,Germany,0.0,1,0.0,0.0
2546,2020.0,Hong Kong,0.0,2,0.0,0.0
2547,2020.0,India,0.0,3,0.0,0.0
2548,2020.0,Italy,0.0,4,0.0,0.0
2549,2020.0,Japan,0.0,5,0.0,0.0
2550,2020.0,Latvia,0.0,6,0.0,0.0
2551,2020.0,Malaysia,0.0,7,0.0,0.0
2552,2020.0,Malta,0.0,8,0.0,0.0
2553,2020.0,Mexico,0.0,9,0.0,0.0
2554,2020.0,Morocco,0.0,10,0.0,0.0
2555,2020.0,Nepal,0.0,11,0.0,0.0
2556,2020.0,Peru,0.0,12,0.0,0.0
2557,2020.0,Philippines,0.0,13,0.0,0.0
2558,2020.0,Portugal,0.0,14,0.0,0.0
2559,2020.0,Russia,0.0,15,0.0,0.0
2560,2020.0,Singapore,0.0,16,0.0,0.0
2561,2020.0,Slovenia,0.0,17,0.0,0.0
2562,2020.0,South Africa,0.0,18,0.0,0.0
2563,2020.0,South Korea,0.0,19,0.0,0.0
2564,2020.0,Spain,0.0,20,0.0,0.0
2565,2020.0,Sri Lanka,0.0,21,0.0,0.0
2566,2020.0,Sweden,0.0,22,0.0,0.0
2567,2020.0,Taiwan,0.0,23,0.0,0.0
2568,2020.0,United Arab Emirates,0.0,24,0.0,0.0
2569,2020.0,United Kingdom,0.0,25,0.0,0.0
2570,2020.0,United States,0.0,26,0.0,0.0
2571,2020.0,Vietnam,0.0,27,0.0,0.0
